fantaking_id,fantaking_name,fantaking_team,club_code,person_code,official_name,match_method,match_confidence
3765,M. James,EFS,IST,005985,"JAMES, MIKE",prior-season,90.0
3766,S. Vezenkov,OLY,OLY,003469,"VEZENKOV, SASHA",initial-club,99.0
3767,S. Larkin,FBT,ULK,007200,"LARKIN, SHANE",initial-club,99.0
3768,M. Lessort,PAO,PAN,003842,"LESSORT, MATHIAS",initial-club,99.0
3769,W. Tavares,RMB,MAD,005791,"TAVARES, WALTER",initial-club,99.0
3770,C. Moneke,CZV,RED,012201,"MONEKE, CHIMA",initial-club,99.0
3771,W. Baldwin,FBT,ULK,009863,"BALDWIN IV, WADE",initial-club,99.0
3772,F. Campazzo,RMB,MAD,005928,"CAMPAZZO, FACUNDO",initial-club,99.0
3774,T. Shengelia,DUB,DUB,001133,"SHENGELIA, TORNIKE",initial-club,99.0
3775,S. Shields,FBT,ULK,007831,"SHIELDS, SHAVON",initial-club,99.0
3776,W. Gabriel,BJK,BES,013383,"GABRIEL, WENYEN",initial-club,99.0
3777,W. Clyburn,FBT,ULK,004888,"CLYBURN, WILL",initial-club,99.0
3779,K. Sloukas,PAO,PAN,001926,"SLOUKAS, KOSTAS",initial-club,99.0
3780,F. Korkmaz,BJK,BES,005763,"KORKMAZ, FURKAN",initial-club,99.0
3782,N. Milutinov,OLY,OLY,003941,"MILUTINOV, NIKOLA",initial-club,99.0
3785,J. Nebo,BAR,BAR,011199,"NEBO, JOSH",initial-open,93.0
3787,N. Hayes-davis,PAO,PAN,008962,"HAYES-DAVIS, NIGEL",initial-club,99.0
3790,D. Musa,DUB,DUB,006540,"MUSA, DZANAN",initial-club,99.0
3791,C. Jones,PAR,PAR,013369,"JONES, CARLIK",initial-club,99.0
3792,J. Loyd,EFS,IST,009754,"LOYD, JORDAN",initial-club,99.0
3793,J. Nwora,CZV,RED,013363,"NWORA, JORDAN",initial-club,99.0
3794,K. Punter,BAR,BAR,009862,"PUNTER, KEVIN",initial-club,99.0
3795,T. Shorts,VBC,PAM,012608,"SHORTS, TJ",initial-club,99.0
3797,M. Fall,PAO,PAN,008811,"FALL, MOUSTAPHA",initial-club,99.0
3799,Z. Leday,HTA,HTA,008987,"LEDAY, ZACH",prior-season,90.0
3801,N. Melli,FBT,ULK,002849,"MELLI, NICOLO",initial-club,99.0
3803,G. Deck,RMB,MAD,009005,"DECK, GABRIEL",initial-club,99.0
3804,T. Sedekerskis,KBA,BAS,007230,"SEDEKERSKIS, TADAS",initial-club,99.0
3805,K. Nunn,PAO,PAN,012774,"NUNN, KENDRICK",initial-club,99.0
3806,D. Washington,BAY,MUN,013370,"WASHINGTON, DUANE",initial-club,99.0
3807,E. Okobo,DUB,DUB,011212,"OKOBO, ELIE",initial-club,99.0
3808,C. Miller-Mcintyre,OLY,OLY,009048,"MILLER-MCINTYRE, CODI",initial-club,99.0
3810,B. Colson,MTA,TEL,009783,"COLSON, BONZIE",initial-club,99.0
3812,J. Hoard,MTA,TEL,006835,"HOARD, JAYLEN",initial-club,99.0
3815,T. Forrest,FBT,ULK,013367,"FORREST, TRENT",initial-club,99.0
3816,M. Howard,KBA,BAS,011948,"HOWARD, MARKUS",initial-club,99.0
3820,A. Peters,MIL,MIL,008829,"PETERS, ALEC",initial-club,99.0
3821,D. Hall,OLY,OLY,011196,"HALL, DONTA",initial-club,99.0
3822,J. Bolomboy,ASV,ASV,009035,"BOLOMBOY, JOEL",prior-season,90.0
3824,L. Vildoza,PAR,PAR,007947,"VILDOZA, LUCA",initial-club,99.0
3825,J. Hernangomez,PAO,PAN,012712,"HERNANGOMEZ, JUANCHO",initial-club,99.0
3826,F. Ntilikina,PBB,PRS,006591,"NTILIKINA, FRANK",initial-open,93.0
3828,G. Papagiannis,EFS,IST,005844,"PAPAGIANNIS, GEORGIOS",initial-club,99.0
3830,D. Sirvydis,ZAL,ZAL,007029,"SIRVYDIS, DEIVIDAS",initial-club,99.0
3831,D. Thompson,MIL,MIL,011078,"THOMPSON, DARIUS",initial-club,99.0
3833,A. Brooks,VBC,PAM,013384,"BROOKS, ARMONI",initial-club,99.0
3834,N. Hifi,PBB,PRS,012640,"HIFI, NADIR",initial-club,99.0
3835,U. Garuba,RMB,MAD,007630,"GARUBA, USMAN",initial-club,99.0
3836,K. Mitoglou,PAO,PAN,007866,"MITOGLOU, KONSTANTINOS",initial-club,99.0
3838,C. Malcolm,EFS,IST,012609,"MALCOLM, COLLIN",initial-club,99.0
3841,T. Satoransky,HTA,HTA,002939,"SATORANSKY, TOMAS",prior-season,90.0
3842,S. Wilbekin,BJK,BES,006661,"WILBEKIN, SCOTTIE",initial-club,99.0
3843,M. Wright,MIL,MIL,012878,"WRIGHT, MOSES",initial-club,99.0
3845,J. Lauvergne,PAR,PAR,004194,"LAUVERGNE, JOFFREY",initial-club,99.0
3846,T. Ward,OLY,OLY,012610,"WARD, TYSON",initial-club,99.0
3850,T. Maledon,RMB,MAD,007027,"MALEDON, THEO",initial-club,99.0
3851,A. Feliz,RMB,MAD,011247,"FELIZ, ANDRES",initial-club,99.0
3852,E. Ulanovas,ZAL,ZAL,002329,"ULANOVAS, EDGARAS",initial-club,99.0
3853,J. Grant,PAO,PAN,011204,"GRANT, JERIAN",initial-club,99.0
3856,I. Cordinier,EFS,IST,009549,"CORDINIER, ISAIA",initial-club,99.0
3857,D. Oturu,HTA,HTA,012788,"OTURU, DAN",initial-club,99.0
3859,V. Lucic,BAY,MUN,001288,"LUCIC, VLADIMIR",initial-club,99.0
3860,D. Booker,MIL,MIL,007056,"BOOKER, DEVIN",initial-club,99.0
3861,T. Walkup,DUB,DUB,008855,"WALKUP, THOMAS",initial-club,99.0
3864,T. Luwawu-Cabarrot,RMB,MAD,012080,"LUWAWU-CABARROT, TIMOTHE",initial-club,99.0
3867,K. Papanikolaou,OLY,OLY,001255,"PAPANIKOLAOU, KOSTAS",initial-club,99.0
3868,Z. Obradovic,PAO,PAN,WBC,"OBRADOVIC, ZELJKO",prior-season,90.0
3869,M. Jantunen,RMB,MAD,012613,"JANTUNEN, MIKAEL",initial-club,99.0
3870,T. Jones,OLY,OLY,011981,"JONES, TYRIQUE",initial-club,99.0
3872,P. Martinez,RMB,MAD,CWX,"MARTINEZ, PEDRO",prior-season,90.0
3874,T. Dorsey,OLY,OLY,009849,"DORSEY, TYLER",initial-club,99.0
3875,M. Guduric,MIL,MIL,004004,"GUDURIC, MARKO",initial-club,99.0
3880,D. Willis,PAR,PAR,009664,"WILLIS, DEREK",initial-club,99.0
3881,L. Bolmaro,MIL,MIL,008985,"BOLMARO, LEANDRO",initial-club,99.0
3883,J. Voigtmann,BAY,MUN,007201,"VOIGTMANN, JOHANNES",initial-club,99.0
3884,N. Sako,VBC,PAM,010545,"SAKO, NEAL",initial-club,99.0
3885,G. Bartzokas,OLY,OLY,001869,"BARTZOKAS, GEORGIOS",prior-season,90.0
3886,D. Hackett,VIR,VIR,001844,"HACKETT, DANIEL",initial-club,99.0
3887,S. Francisco,PAO,PAN,007975,"FRANCISCO, SYLVAIN",initial-club,99.0
3888,S. Brown,ZAL,ZAL,012720,"BROWN, STERLING",initial-club,99.0
3891,V. Brown,BJK,BES,,,unmatched,60.0
3892,R. Jokubaitis,BAY,MUN,007519,"JOKUBAITIS, ROKAS",initial-club,99.0
3896,J. Nunez,BAR,BAR,010106,"NUNEZ, JUAN",initial-club,99.0
3897,S. Jasikevicius,FBT,ULK,ADG,"JASIKEVICIUS, SARAS",prior-season,90.0
3898,A. Zizic,BJK,BES,004554,"ZIZIC, ANTE",initial-club,99.0
3899,C. Edwards,ZAL,ZAL,011987,"EDWARDS, CARSEN",initial-club,99.0
3903,E. Bryant,HTA,HTA,009846,"BRYANT, ELIJAH",initial-club,99.0
3904,J. Anderson,DUB,DUB,012795,"ANDERSON, JUSTIN",initial-club,99.0
3905,I. Lundberg,MTA,TEL,010781,"LUNDBERG, IFFE",initial-club,99.0
3907,J. Blossomgame,DUB,DUB,011231,"BLOSSOMGAME, JARON",initial-club,99.0
3909,A. Sekulic,BAR,BAR,003516,"SEKULIC, ALEKSANDER",prior-season,90.0
3910,R. Sorkin,MTA,TEL,011219,"SORKIN, ROMAN",initial-club,99.0
3911,K. Hayes,PAR,PAR,010390,"HAYES, KEVARRIUS",initial-club,99.0
3914,N. Williams-Goss,ZAL,ZAL,007982,"WILLIAMS-GOSS, NIGEL",initial-club,99.0
3915,M. Spagnolo,KBA,BAS,008173,"SPAGNOLO, MATTEO",initial-club,99.0
3916,G. Procida,RMB,MAD,008384,"PROCIDA, GABRIELE",initial-club,99.0
3917,K. Baldwin,BAY,MUN,012597,"BALDWIN, KAMAR",initial-club,99.0
3918,M. Grigonis,ZAL,ZAL,002328,"GRIGONIS, MARIUS",initial-club,99.0
3921,P. Laso,EFS,IST,BSS,"LASO, PABLO",prior-season,90.0
3924,G. Poeta,MIL,MIL,002083,"POETA, GIUSEPPE",prior-season,90.0
3925,D. Hall,MIL,MIL,011205,"HALL, DEVON",initial-club,99.0
3926,F. Petrusev,DUB,DUB,011194,"PETRUSEV, FILIP",initial-club,99.0
3927,D. Hommes,PBB,PRS,011949,"HOMMES, DAULTON",initial-club,99.0
3930,Y. Madar,MTA,TEL,011052,"MADAR, YAM",initial-open,93.0
3933,L. Cavaliere,PBB,PRS,013373,"CAVALIERE, LEOPOLD",initial-club,99.0
3934,I. Bonga,PAO,PAN,006760,"BONGA, ISAAC",initial-club,99.0
3936,N. Rogkavopoulos,PAO,PAN,011085,"ROGKAVOPOULOS, NIKOLAOS",initial-club,99.0
3938,I. Navarro,CZV,RED,,,unmatched,52.6
3940,N. Weiler-Babb,CZV,RED,010391,"WEILER-BABB, NICK",initial-club,99.0
3942,M. Lo,ZAL,ZAL,007032,"LO, MAODO",prior-season,90.0
3943,J. Penarroya,PAR,PAR,007973,"PENARROYA, JOAN",prior-season,90.0
3946,A. Obst,BAY,MUN,004508,"OBST, ANDREAS",initial-club,99.0
3948,M. Ndiaye,OLY,OLY,012731,"NDIAYE, MBAYE",initial-club,99.0
3950,O. Dobric,CZV,RED,004007,"DOBRIC, OGNJEN",initial-club,99.0
3952,M. Jaiteh,DUB,DUB,,,unmatched,54.5
3954,K. Diop,KBA,BAS,008072,"DIOP, KHALIFA",initial-club,99.0
3955,P. Galbiati,KBA,BAS,007886,"GALBIATI, PAOLO",prior-season,90.0
3957,O. Da Silva,BAY,MUN,011244,"DA SILVA, OSCAR",initial-club,99.0
3960,T. Blatt,HTA,HTA,011193,"BLATT, TAMIR",prior-season,90.0
3961,O. Kattash,MTA,TEL,TFT,"KATTASH, ODED",prior-season,90.0
3962,M. Nakic,PAR,PAR,007632,"NAKIC, MARIO",initial-club,99.0
3963,A. Pajola,PAR,PAR,006739,"PAJOLA, ALESSANDRO",initial-club,99.0
3964,A. Mumbru,VIR,VIR,,,unmatched,58.8
3967,D. Brizuela,BAR,BAR,009992,"BRIZUELA, DARIO",initial-club,99.0
3971,V. Marinkovic,PAR,PAR,004761,"MARINKOVIC, VANJA",initial-club,99.0
3972,J. Hollatz,BAY,MUN,009513,"HOLLATZ, JUSTUS",initial-club,99.0
3973,J. Parra,BAR,BAR,007464,"PARRA, JOEL",initial-club,99.0
3974,A. Gavel,BAY,MUN,,,unmatched,52.6
3975,S. Herrera,PBB,PRS,012611,"HERRERA, SEBASTIAN",initial-club,99.0
3976,A. Lakic,PAR,PAR,007736,"LAKIC, ARIJAN",initial-club,99.0
3977,S. Llull,RMB,MAD,TGB,"LLULL, SERGIO",initial-club,99.0
3978,E. Ndiaye,RMB,MAD,,,unmatched,80.0
3979,G. Larentzakis,OLY,OLY,010392,"LARENTZAKIS, GIANNOULIS",initial-club,99.0
3980,A. Balcerowski,BAR,BAR,,,unmatched,55.2
3981,M. Diouf,VIR,VIR,013374,"DIOUF, MOUHAMET",initial-club,99.0
3983,D. Davidovac,CZV,RED,007960,"DAVIDOVAC, DEJAN",initial-club,99.0
3984,S. Sanli,FBT,ULK,002968,"SANLI, SERTAC",initial-club,99.0
3985,D. Lighty,ASV,ASV,003526,"LIGHTY, DAVID",prior-season,90.0
3986,N. Giffey,BAY,MUN,001557,"GIFFEY, NIELS",initial-club,99.0
3988,J. Dibartolomeo,MTA,TEL,007990,"DIBARTOLOMEO, JOHN",subset,95.0
3991,A. Abalde,RMB,MAD,003733,"ABALDE, ALBERTO",initial-club,99.0
3992,T. Tarpey,PBB,PRS,012515,"TARPEY, TERRY",initial-club,99.0
3993,M. Strazel,EFS,IST,008099,"STRAZEL, MATTHEW",prior-season,90.0
3994,Y. Ouattara,PBB,PRS,004197,"OUATTARA, YAKUBA",prior-season,90.0
3995,M. Lefevre,PBB,PRS,,,unmatched,50.0
3997,S. Tonut,MIL,MIL,006509,"TONUT, STEFANO",initial-club,99.0
3998,D. Giedraitis,ZAL,ZAL,007513,"GIEDRAITIS, DOVYDAS",initial-club,99.0
4000,M. Mahmutoglu,FBT,ULK,002969,"MAHMUTOGLU, MELIH",initial-club,99.0
4003,E. Shahrvin,PBB,PRS,012612,"SHAHRVIN, ENZO",prior-season,90.0
4005,E. Jackson,ASV,ASV,000229,"JACKSON, EDWIN",prior-season,90.0
4006,T. Masiulis,ZAL,ZAL,ACX,"MASIULIS, TOMAS",prior-season,90.0
4007,E. Yilmaz,EFS,IST,006372,"YILMAZ, ERKAN",initial-club,99.0
4008,M. Birsen,BJK,BES,003091,"BIRSEN, METECAN",initial-club,99.0
4009,O. Diop,MIL,MIL,013385,"DIOP, OUSMANE",initial-club,99.0
4012,G. Ricci,MIL,MIL,001518,"RICCI, GIAMPAOLO",initial-club,99.0
4013,D. Flaccadori,MIL,MIL,005670,"FLACCADORI, DIEGO",initial-club,99.0
4014,T. Parker,ASV,ASV,000264,"PARKER, TJ",prior-season,90.0
4016,N. Akele,MIL,MIL,011816,"AKELE, NICOLA",initial-club,99.0
4019,P. Kalaitzakis,PAO,PAN,011209,"KALAITZAKIS, PANAGIOTIS",initial-club,99.0
4023,M. Bosnjakovic,PAR,PAR,012167,"BOSNJAKOVIC, MITAR",initial-club,99.0
4026,B. Yildizli,EFS,IST,004093,"YILDIZLI, BURAKCAN",prior-season,90.0
4036,M. Eksioglu,FBT,ULK,,,unmatched,57.1
4038,D. Moraitis,PAO,PAN,,,unmatched,57.1
4061,E. Mantzoukas,PAO,PAN,,,unmatched,51.9
4073,T. Odiase,HTA,HTA,011823,"ODIASE, TAI",initial-club,99.0
4081,C. Morgan,BJK,BES,009680,"MORGAN, CONOR",initial-club,99.0
4084,D. Sleva,ZAL,ZAL,011927,"SLEVA, DUSTIN",initial-club,99.0
4086,D. Alimpijevic,BJK,BES,,,unmatched,53.3
4088,B. Ugurlu,BJK,BES,003783,"UGURLU, BERK",initial-club,99.0
4094,K. Kamenjas,DUB,DUB,008325,"KAMENJAS, KENAN",initial-club,99.0
4096,M. Wright,DUB,DUB,012606,"WRIGHT IV, MCKINLEY",initial-club,99.0
4097,N. Tanaskovic,PAR,PAR,005637,"TANASKOVIC, NIKOLA",initial-club,99.0
4108,D. Stewart,KBA,BAS,012700,"STEWART, DJ",initial-club,99.0
4124,K. Kokila,VIR,VIR,011837,"KOKILA, KEVIN",initial-club,99.0
4129,M. Cale,ASV,ASV,013269,"CALE, MYLES",prior-season,90.0
4156,J. Morgan,PBB,PRS,010431,"MORGAN, JEREMY",initial-club,99.0
4159,K. Carrington,HTA,HTA,,,unmatched,58.3
4164,J. Motley,CZV,RED,011157,"MOTLEY, JOHNATHAN",initial-club,99.0
4165,T. Ginat,HTA,HTA,010550,"GINAT, TOMER",initial-club,99.0
4167,I. Wainright,HTA,HTA,,,unmatched,61.5
4172,D. Itoudis,HTA,HTA,CAG,"ITOUDIS, DIMITRIS",prior-season,90.0
4174,G. Palatin,HTA,HTA,013283,"PALATIN, GUY",initial-club,99.0
4175,O. Blayzer,HTA,HTA,009877,"BLAYZER, OZ",initial-club,99.0
4180,D. Dotson,BJK,BES,013285,"DOTSON, DEVON",initial-club,99.0
4195,J. Jessup,BAY,MUN,013290,"JESSUP, JUSTINIAN",initial-club,99.0
4210,A. Brown,BJK,BES,009025,"BROWN, ANTHONY",initial-club,99.0
4212,Y. Makoundou,BAR,BAR,011935,"MAKOUNDOU, YOAN",prior-season,90.0
4233,M. Kabengele,DUB,DUB,012796,"KABENGELE, MFIONDU",initial-club,99.0
4234,T. Ennis,HTA,HTA,008858,"ENNIS, TYLER",initial-club,99.0
4242,D. Casarin,VIR,VIR,,,unmatched,52.2
4246,S. Ojeleye,CZV,RED,011982,"OJELEYE, SEMI",initial-club,99.0
4247,C. Jones,CZV,RED,010568,"JONES, CHRIS",initial-club,99.0
4251,B. Badio,PAO,PAN,007527,"BADIO, BRANCOU",initial-club,99.0
4252,J. Montero,OLY,OLY,010042,"MONTERO, JEAN",initial-club,99.0
4255,X. Albert,VBC,PAM,,,unmatched,54.5
4257,J. Pradilla,RMB,MAD,010393,"PRADILLA, JAIME",initial-club,99.0
4258,J. Puerto,VBC,PAM,006643,"PUERTO, JOSEP",initial-club,99.0
4280,M. Blazevic,ZAL,ZAL,,,unmatched,60.0
4340,K. Allman,PAR,PAR,011924,"ALLMAN, KYLE",initial-club,99.0
4360,E. Fournier,OLY,OLY,013380,"FOURNIER, EVAN",initial-club,99.0
4375,A. Butkevicius,ZAL,ZAL,002676,"BUTKEVICIUS, ARNAS",initial-club,99.0
4378,W. Rayman,MTA,TEL,013381,"RAYMAN, WILLIAM",initial-club,99.0
4546,J. Ayayi,PBB,PRS,006904,"AYAYI, JOEL",initial-club,99.0
4551,B. Timor,HTA,HTA,004846,"TIMOR, BAR",initial-club,99.0
4670,S. Lee,ZAL,ZAL,013389,"LEE, SABEN",initial-club,99.0
4675,A. Blakeney,HTA,HTA,013402,"BLAKENEY, ANTONIO",initial-club,99.0
4698,O. Bitim,FBT,ULK,007929,"BITIM, ONURALP",initial-club,99.0
4712,M. Bingham,FBT,ULK,013506,"BINGHAM, MARCUS",initial-club,99.0
4758,P. Dozier,EFS,IST,012742,"DOZIER, PJ",initial-club,99.0
4808,B. Fernando,EFS,IST,013667,"FERNANDO, BRUNO",initial-club,99.0
4882,D. Theis,MTA,TEL,004132,"THEIS, DANIEL",prior-season,90.0
4884,J. Clark III,MTA,TEL,013699,"CLARK III, JIMMY",initial-club,99.0
7193,V. Micic,HTA,HTA,002580,"MICIC, VASILIJE",initial-club,99.0
7194,C. Okeke,RMB,MAD,014006,"OKEKE, CHUMA",initial-club,99.0
7197,O. Brissett,MTA,TEL,014127,"BRISSETT, O'SHAE J",initial-club,99.0
7201,D. Bacon,DUB,DUB,011286,"BACON, DWAYNE",initial-club,99.0
7202,J. Robinson,BAR,BAR,014008,"ROBINSON, JUSTIN",initial-open,93.0
7203,M. Norris,BAY,MUN,014134,"NORRIS, MILES",initial-club,99.0
7204,T. Leaf,MTA,TEL,014012,"LEAF, TJ",initial-club,99.0
7209,L. Stevens,PAR,PAR,014009,"STEVENS, LAMAR",initial-club,99.0
7210,O. Moore,VBC,PAM,014115,"MOORE, OMARI",initial-club,99.0
7212,D. Alston Jr.,VIR,VIR,014005,"ALSTON JR. , DERRICK",initial-club,99.0
7215,D. Osetkowski,VBC,PAM,010581,"OSETKOWSKI, DYLAN",initial-club,99.0
7216,D. Bertans,DUB,DUB,003458,"BERTANS, DAVIS",initial-club,99.0
7217,T. Carter,CZV,RED,011305,"CARTER, TYSON",initial-club,99.0
7218,K. Taylor,VBC,PAM,011217,"TAYLOR, KAMERON",initial-club,99.0
7219,A. M'baye,PBB,PRS,007993,"M'BAYE, AMATH",subset,95.0
7220,E. Izundu,CZV,RED,014029,"IZUNDU, EBUKA",initial-club,99.0
7221,A. Tubelis,ZAL,ZAL,008192,"TUBELIS, AZUOLAS",initial-club,99.0
7223,C. Frisch,KBA,BAS,014026,"FRISCH, CLEMENT",initial-club,99.0
7225,D. Kramer,CZV,RED,006482,"KRAMER, DAVID",initial-club,99.0
7226,A. Dokossi,PBB,PRS,014010,"DOKOSSI, ALLAN",initial-club,99.0
7228,K. Prepelic,DUB,DUB,002661,"PREPELIC, KLEMEN",initial-club,99.0
7229,M. Faye,PBB,PRS,012403,"FAYE, MOUHAMED",initial-club,99.0
7230,A. Abass,DUB,DUB,003527,"ABASS, AWUDU",initial-club,99.0
7231,B. Dessert,EFS,IST,010318,"DESSERT, BRICE",initial-club,99.0
7232,B. Massa,ASV,ASV,012618,"MASSA, BODIAN",initial-club,99.0
7234,Y. Sima,VBC,PAM,005596,"SIMA, YANKUBA",initial-club,99.0
7235,X. Pascual,DUB,DUB,KOW,"PASCUAL, XAVI",prior-season,90.0
7237,N. Reuvers,VBC,PAM,012738,"REUVERS, NATHAN",initial-club,99.0
7238,R. Kurucs,KBA,BAS,005713,"KURUCS, RODIONS",initial-club,99.0
7239,I. Almansa,RMB,MAD,010105,"ALMANSA, IZAN",initial-club,99.0
7241,G. Lavy,MTA,TEL,,,unmatched,71.4
7243,N. Sestina,ASV,ASV,011980,"SESTINA, NATHAN",initial-open,93.0
7245,D. Mutaf,EFS,IST,008176,"MUTAF, DAVID",initial-club,99.0
7246,S. Miljenovic,CZV,RED,014094,"MILJENOVIC, STEFAN",initial-club,99.0
7248,N. Dangubic,DUB,DUB,005942,"DANGUBIC, NEMANJA",initial-club,99.0
7250,I. Kouzeloglou,PAO,PAN,004451,"KOUZELOGLOU, IOANNIS",initial-club,99.0
7254,I. Segev,HTA,HTA,004161,"SEGEV, ITAY",initial-club,99.0
7255,O. Netzipoglou,OLY,OLY,014122,"NETZIPOGLOU, OMIROS",initial-club,99.0
7258,D. Russell,EFS,IST,013943,"RUSSELL, DARON",initial-club,99.0
7268,R. Cole,MIL,MIL,013929,"COLE, RJ",initial-club,99.0
7269,A. Wiley,BAY,MUN,013278,"WILEY, AUSTIN",initial-club,99.0
7328,K. Akobundu-Ehiogu,ZAL,ZAL,013845,"AKOBUNDU-EHIOGU, KAODIRICHI",initial-club,99.0
7338,B. Gach,ASV,ASV,,,unmatched,47.1
7362,U. Gibson,BAR,BAR,,,unmatched,52.2
7378,A. Ubal,BAR,BAR,,,unmatched,55.6
7390,T. Jensen,BAY,MUN,010726,"JENSEN, TOBIAS",initial-club,99.0
7422,E. Osmani,EFS,IST,012710,"OSMANI, ERCAN",initial-club,99.0
7424,A. Diarra,VIR,VIR,014108,"DIARRA, ALIOU",initial-club,99.0
7867,A. Bacot,MTA,TEL,014015,"BACOT JR., ARMANDO",initial-club,99.0
8368,M. Diakite,DUB,DUB,014027,"DIAKITE, MAMADI",initial-club,99.0
8463,K. Jones,EFS,IST,014102,"JONES, KAI",prior-season,90.0
8567,T. Horton-Tucker,FBT,ULK,014124,"HORTON TUCKER, TALEN",initial-club,99.0
8623,K. Kondic,DUB,DUB,014031,"KONDIC, KOSTA",initial-club,99.0
8644,S. Joksimovic,KBA,BAS,014107,"JOKSIMOVIC, STEFAN",initial-club,99.0
8681,A. Nedeljkovic,CZV,RED,012948,"NEDELJKOVIC, ALEKSEJ",prior-season,90.0
8714,K. Simmons,KBA,BAS,014152,"SIMMONS, KOBI",initial-club,99.0
8721,J. Butler,CZV,RED,014163,"BUTLER, JARED",initial-club,99.0
8727,B. Key,FBT,ULK,014168,"KEY, BRAXTON",initial-club,99.0
8728,A. Len,KBA,BAS,014169,"LEN, ALEX",initial-club,99.0
8730,K. Faried,KBA,BAS,011284,"FARIED, KENNETH",initial-club,99.0
8762,J. Rhoden,PBB,PRS,014178,"RHODEN, JARED",initial-club,99.0
8770,R. Fenemen,EFS,IST,013422,"FENEMEN, RUZGAR",prior-season,90.0
8808,E. Omoruyi,BJK,BES,014207,"OMORUYI, EUGENE",initial-club,99.0
8830,F. Ferrari,VIR,VIR,014219,"FERRARI, FRANCESCO",initial-club,99.0
8834,C. Silva,FBT,ULK,014220,"SILVA, CHRIS",initial-club,99.0
8846,T. Jekiri,PAR,PAR,009733,"JEKIRI, TONYE",initial-club,99.0
8993,C. Joseph,OLY,OLY,014316,"JOSEPH, CORY",initial-club,99.0
9061,M. Baiocchi,VIR,VIR,013028,"BAIOCCHI, MATTEO",prior-season,90.0
9062,K. Fischer,BAY,MUN,013579,"FISCHER, KILIAN",initial-club,99.0
9063,A. Ebo,MTA,TEL,006020,"EBO, AMIT",initial-club,99.0
9064,K. Edwards,VIR,VIR,014416,"EDWARDS, KESSLER",initial-club,99.0
11487,D. Saric,EFS,IST,,,unmatched,58.8
11488,S. Yusta,EFS,IST,005368,"YUSTA, SANTI",initial-club,99.0
11489,J. Burnell,MIL,MIL,014782,"BURNELL, JASON",initial-club,99.0
11490,G. Mathews,MIL,MIL,014783,"MATHEWS, GARRISON",initial-club,99.0
11491,D. Dejulius,BJK,BES,013250,"DEJULIUS, DAVID",subset,95.0
11492,J. Nowell,BJK,BES,,,unmatched,60.9
11493,M. Sissoko,BJK,BES,,,unmatched,47.6
11494,P. Baldwin Jr,CZV,RED,014728,"BALDWIN, PATRICK",initial-club,99.0
11495,N. Djurisic,CZV,RED,010262,"DJURISIC, NIKOLA",subset,95.0
11496,A. Bjelic,CZV,RED,012806,"BJELIC, ANDREJ",initial-club,99.0
11497,V. Medarevic,CZV,RED,,,unmatched,59.3
11498,D. Mintz,DUB,DUB,014731,"MINTZ, DAVION",initial-club,99.0
11499,T. Evbuomwan,BAR,BAR,,,unmatched,52.2
11500,S. Umude,BAR,BAR,,,unmatched,44.4
11501,T. Martin,BAR,BAR,,,unmatched,57.1
11502,O. Nkamboua,BAR,BAR,,,unmatched,50.0
11503,M. Beauchamp,BAY,MUN,014732,"BEAUCHAMP, MARJON",initial-club,99.0
11504,J. Thiemann,BAY,MUN,003958,"THIEMANN, JOHANNES",initial-club,99.0
11505,J. Juzang,FBT,ULK,014733,"JUZANG, JOHNNY",initial-club,99.0
11506,I. Sargiunas,FBT,ULK,006896,"SARGIUNAS, IGNAS",initial-club,99.0
11507,A. Coffey,HTA,HTA,,,unmatched,45.5
11508,J. Toppin,HTA,HTA,,,unmatched,50.0
11509,E. German,HTA,HTA,,,unmatched,55.6
11510,F. Bourdillon,HTA,HTA,,,unmatched,56.0
11511,C. Duarte,KBA,BAS,014735,"DUARTE, CHRIS",initial-club,99.0
11512,A. Lawson,KBA,BAS,014734,"LAWSON, A.J.",initial-club,99.0
11513,D. Baugh,KBA,BAS,014736,"BAUGH, DAMION",initial-club,99.0
11514,P. Mills,ASV,ASV,,,unmatched,52.6
11515,T. Waters,ASV,ASV,,,unmatched,63.6
11516,J. Crowder,ASV,ASV,,,unmatched,62.5
11517,T. Washington,ASV,ASV,,,unmatched,78.6
11518,M. Dossou-yovo,ASV,ASV,,,unmatched,48.5
11519,H. Besson,ASV,ASV,,,unmatched,55.6
11520,Y. Pons,ASV,ASV,,,unmatched,52.6
11521,M. Fodzo Dada,ASV,ASV,,,unmatched,47.6
11522,K. Wallace,MTA,TEL,015085,"WALLACE, KEATON",initial-club,99.0
11523,S. Hunter,MTA,TEL,,,unmatched,50.0
11524,N. Plotas,OLY,OLY,,,unmatched,50.0
11525,A. Karagiannidis,OLY,OLY,015126,"KARAGIANNIDIS, ANTONIS",initial-club,99.0
11526,G. Yabusele,PAO,PAN,010357,"YABUSELE, GUERSCHON",initial-club,99.0
11527,T. Warren,PBB,PRS,,,unmatched,55.6
11528,T. Etienne,PBB,PRS,,,unmatched,52.2
11529,A. Johnson,PBB,PRS,,,unmatched,63.2
11530,M. Pereira,PBB,PRS,,,unmatched,72.0
11531,N. Boungou-colo,PBB,PRS,002100,"DE COLO, NANDO",prior-season,90.0
11532,E. Thompson,PAR,PAR,014742,"THOMPSON, ETHAN",initial-club,99.0
11533,U. Mijailovic,PAR,PAR,012943,"MIJAILOVIC, UROS",prior-season,90.0
11534,O. Sarr,RMB,MAD,006833,"SARR, OLIVIER",initial-club,99.0
11535,M. Shulga,RMB,MAD,015102,"SHULGA, MAKSYM",initial-club,99.0
11536,D. Jones,RMB,MAD,015103,"JONES, DAMIAN",initial-club,99.0
11537,G. Corbalan,VBC,PAM,014740,"CORBALAN, GONZALO",initial-club,99.0
11538,M. Gueye,VBC,PAM,014739,"GUEYE, MOUHAMADOU",initial-club,99.0
11539,E. Valtonen,VBC,PAM,,,unmatched,55.6
11540,M. Saint-supery,VBC,PAM,,,unmatched,53.8
11541,A. Cardenas,VBC,PAM,014741,"CARDENAS, ALVARO",initial-club,99.0
11542,L. Mari,VBC,PAM,,,unmatched,58.8
11543,R. Bello,VIR,VIR,014802,"BELLO, RASHEED",initial-club,99.0
11544,T. Frazier,VIR,VIR,015029,"FRAZIER, TRENT",initial-club,99.0
11545,M. Carr,VIR,VIR,012707,"CARR, MARCUS",initial-club,99.0
11546,B. Klintman,VIR,VIR,014738,"KLINTMAN, BO",initial-club,99.0
11547,W. Moore Jr,VIR,VIR,014737,"MOORE, WENDELL",initial-club,99.0
11548,T. Baldasso,VIR,VIR,006707,"BALDASSO, TOMMASO",initial-club,99.0
11549,J. Valanciunas,ZAL,ZAL,,,unmatched,50.0
11558,J. Minaya,BAR,BAR,,,unmatched,47.1
