fantaking_id,name,team,position,rank,fpt,quotation,plus,pts,reb,ast,stl,tov,blk,blka,fd,pf,fg_missed,ft_missed,win_1-10,win_11-20,win_20,win_ot,loss_1-10,loss_11-20,loss_20,loss_ot,captured_at
3791,C. Jones,PAR,Guard,1,36.3,14.5,0.9,20.0,4.0,10.0,0.0,0.0,0.0,0.0,5.0,1.0,5.0,0.0,,,,,,,,,2026-09-26T12:04:04.332344+00:00
7201,D. Bacon,DUB,Forward,2,34.1,13.5,0.8,24.0,5.0,4.0,0.0,1.0,0.0,0.0,5.0,1.0,4.0,1.0,,,,,,,,,2026-09-26T12:04:04.332344+00:00
3766,S. Vezenkov,OLY,Forward,3,33.0,17.6,0.6,22.0,5.0,1.0,0.0,1.0,0.0,0.0,5.0,0.0,2.0,0.0,,,,,,,,,2026-09-26T12:04:04.332344+00:00
3857,D. Oturu,HTA,Center,4,32.0,14.9,0.7,20.0,12.0,3.0,2.0,3.0,2.0,0.0,1.0,4.0,1.0,0.0,,,,,,,,,2026-09-26T12:04:04.332344+00:00
3874,T. Dorsey,OLY,Guard,5,31.9,13.3,0.7,25.0,2.0,1.0,1.0,0.0,0.0,0.0,3.0,0.0,3.0,0.0,,,,,,,,,2026-09-26T12:04:04.332344+00:00
3768,M. Lessort,PAO,Center,6,30.8,15.0,0.6,15.0,9.0,2.0,2.0,4.0,3.0,1.0,9.0,1.0,5.0,1.0,,,,,,,,,2026-09-26T12:04:04.332344+00:00
11516,J. Crowder,ASV,Forward,7,27.5,10.2,0.7,19.0,4.0,4.0,1.0,1.0,1.0,0.0,4.0,2.0,4.0,1.0,,,,,,,,,2026-09-26T12:04:04.332344+00:00
11549,J. Valanciunas,ZAL,Center,8,26.4,15.9,0.4,13.0,8.0,2.0,0.0,1.0,3.0,0.0,3.0,1.0,3.0,0.0,,,,,,,,,2026-09-26T12:04:04.332344+00:00
11487,D. Saric,EFS,Forward,9,26.0,14.9,0.4,17.0,5.0,2.0,0.0,1.0,0.0,0.0,7.0,0.0,3.0,1.0,,,,,,,,,2026-09-26T12:04:04.332344+00:00
7221,A. Tubelis,ZAL,Forward,10,25.3,11.6,0.5,10.0,12.0,4.0,1.0,1.0,1.0,0.0,4.0,0.0,6.0,2.0,,,,,,,,,2026-09-26T12:04:04.332344+00:00
4247,C. Jones,CZV,Guard,11,25.0,12.6,0.5,15.0,2.0,8.0,2.0,0.0,0.0,0.0,1.0,1.0,2.0,0.0,,,,,,,,,2026-09-26T12:04:04.332344+00:00
3794,K. Punter,BAR,Guard,12,24.2,14.0,0.4,19.0,1.0,1.0,2.0,1.0,0.0,0.0,5.0,0.0,5.0,0.0,,,,,,,,,2026-09-26T12:04:04.332344+00:00
8727,B. Key,FBT,Forward,13,24.2,8.6,0.6,11.0,10.0,3.0,1.0,1.0,0.0,0.0,3.0,1.0,1.0,3.0,,,,,,,,,2026-09-26T12:04:04.332344+00:00
3765,M. James,EFS,Guard,14,24.0,16.3,0.3,22.0,4.0,5.0,0.0,5.0,1.0,0.0,6.0,2.0,6.0,1.0,,,,,,,,,2026-09-26T12:04:04.332344+00:00
3795,T. Shorts,VBC,Guard,15,22.0,15.1,0.2,26.0,1.0,2.0,1.0,2.0,0.0,1.0,5.0,3.0,9.0,0.0,,,,,,,,,2026-09-26T12:04:04.332344+00:00
11504,J. Thiemann,BAY,Center,16,22.0,11.0,0.4,15.0,7.0,1.0,0.0,2.0,0.0,0.0,5.0,2.0,3.0,1.0,,,,,,,,,2026-09-26T12:04:04.332344+00:00
3820,A. Peters,MIL,Forward,17,21.0,12.0,0.3,17.0,2.0,1.0,0.0,1.0,0.0,2.0,8.0,2.0,2.0,0.0,,,,,,,,,2026-09-26T12:04:04.332344+00:00
4252,J. Montero,OLY,Guard,18,20.9,13.1,0.3,15.0,5.0,5.0,1.0,3.0,0.0,0.0,3.0,0.0,6.0,1.0,,,,,,,,,2026-09-26T12:04:04.332344+00:00
3946,A. Obst,BAY,Guard,19,20.9,10.6,0.4,19.0,2.0,2.0,0.0,0.0,0.0,0.0,3.0,2.0,4.0,1.0,,,,,,,,,2026-09-26T12:04:04.332344+00:00
3812,J. Hoard,MTA,Forward,20,20.0,15.0,0.2,15.0,6.0,0.0,3.0,1.0,0.0,0.0,4.0,3.0,4.0,0.0,,,,,,,,,2026-09-26T12:04:04.332344+00:00
3868,Z. Obradovic,PAO,Head Coach,21,20.0,10.3,0.3,,,,,,,,,,,,0.0,1.0,0.0,0.0,0.0,0.0,0.0,0.0,2026-09-26T12:04:04.332344+00:00
3885,G. Bartzokas,OLY,Head Coach,22,20.0,10.3,0.3,,,,,,,,,,,,0.0,1.0,0.0,0.0,0.0,0.0,0.0,0.0,2026-09-26T12:04:04.332344+00:00
3943,J. Penarroya,PAR,Head Coach,23,20.0,6.8,0.3,,,,,,,,,,,,0.0,1.0,0.0,0.0,0.0,0.0,0.0,0.0,2026-09-26T12:04:04.332344+00:00
3887,S. Francisco,PAO,Guard,24,19.8,14.9,0.1,18.0,2.0,4.0,0.0,4.0,0.0,0.0,3.0,0.0,5.0,0.0,,,,,,,,,2026-09-26T12:04:04.332344+00:00
11514,P. Mills,ASV,Guard,25,19.8,12.6,0.3,15.0,1.0,3.0,0.0,2.0,0.0,0.0,5.0,0.0,4.0,0.0,,,,,,,,,2026-09-26T12:04:04.332344+00:00
7218,K. Taylor,VBC,Forward,26,18.7,12.6,0.2,12.0,7.0,2.0,0.0,1.0,0.0,0.0,4.0,3.0,2.0,2.0,,,,,,,,,2026-09-26T12:04:04.332344+00:00
3773,N. Mirotic,VBC,Forward,27,18.7,11.8,0.2,13.0,3.0,0.0,1.0,0.0,0.0,0.0,5.0,2.0,3.0,0.0,,,,,,,,,2026-09-26T12:04:04.332344+00:00
3883,J. Voigtmann,BAY,Center,28,18.7,7.9,0.4,10.0,5.0,3.0,0.0,0.0,0.0,0.0,1.0,1.0,1.0,0.0,,,,,,,,,2026-09-26T12:04:04.332344+00:00
11521,M. Fodzo Dada,ASV,Guard,29,18.7,5.3,0.5,14.0,1.0,5.0,2.0,4.0,1.0,0.0,6.0,2.0,1.0,5.0,,,,,,,,,2026-09-26T12:04:04.332344+00:00
3967,D. Brizuela,BAR,Guard,30,17.6,6.8,0.4,20.0,2.0,0.0,1.0,3.0,0.0,0.0,1.0,2.0,2.0,1.0,,,,,,,,,2026-09-26T12:04:04.332344+00:00
11512,A. Lawson,KBA,Guard,31,17.0,9.1,0.3,20.0,4.0,2.0,0.0,1.0,0.0,0.0,4.0,3.0,8.0,1.0,,,,,,,,,2026-09-26T12:04:04.332344+00:00
8567,T. Horton-Tucker,FBT,Guard,32,16.5,12.8,0.1,13.0,3.0,1.0,1.0,2.0,0.0,0.0,6.0,3.0,4.0,0.0,,,,,,,,,2026-09-26T12:04:04.332344+00:00
3870,T. Jones,OLY,Center,33,16.5,12.1,0.1,12.0,8.0,0.0,0.0,1.0,0.0,0.0,1.0,1.0,4.0,0.0,,,,,,,,,2026-09-26T12:04:04.332344+00:00
7362,U. Gibson,BAR,Guard,34,16.5,10.4,0.2,10.0,6.0,2.0,0.0,0.0,0.0,0.0,0.0,1.0,2.0,0.0,,,,,,,,,2026-09-26T12:04:04.332344+00:00
3910,R. Sorkin,MTA,Center,35,16.0,13.5,0.1,13.0,5.0,2.0,1.0,1.0,0.0,1.0,2.0,1.0,3.0,1.0,,,,,,,,,2026-09-26T12:04:04.332344+00:00
3850,T. Maledon,RMB,Guard,36,16.0,10.0,0.2,11.0,4.0,6.0,1.0,0.0,1.0,1.0,3.0,3.0,5.0,1.0,,,,,,,,,2026-09-26T12:04:04.332344+00:00
3930,Y. Madar,MTA,Guard,37,16.0,9.1,0.3,13.0,3.0,8.0,0.0,4.0,0.0,1.0,4.0,1.0,4.0,2.0,,,,,,,,,2026-09-26T12:04:04.332344+00:00
3925,D. Hall,MIL,Guard,38,16.0,8.5,0.3,13.0,5.0,3.0,0.0,1.0,0.0,1.0,3.0,0.0,6.0,0.0,,,,,,,,,2026-09-26T12:04:04.332344+00:00
3775,S. Shields,FBT,Forward,39,15.4,12.5,0.1,12.0,2.0,3.0,1.0,0.0,0.0,0.0,3.0,2.0,4.0,1.0,,,,,,,,,2026-09-26T12:04:04.332344+00:00
3914,N. Williams-Goss,ZAL,Guard,40,15.4,9.9,0.2,14.0,2.0,6.0,2.0,3.0,0.0,1.0,2.0,1.0,7.0,0.0,,,,,,,,,2026-09-26T12:04:04.332344+00:00
8846,T. Jekiri,PAR,Center,41,15.4,8.6,0.3,7.0,1.0,3.0,3.0,2.0,1.0,0.0,4.0,1.0,1.0,1.0,,,,,,,,,2026-09-26T12:04:04.332344+00:00
3980,A. Balcerowski,BAR,Center,42,15.4,8.3,0.3,10.0,4.0,2.0,0.0,1.0,1.0,0.0,3.0,4.0,1.0,0.0,,,,,,,,,2026-09-26T12:04:04.332344+00:00
7209,L. Stevens,PAR,Forward,43,15.4,8.3,0.3,11.0,5.0,0.0,2.0,0.0,0.0,0.0,1.0,0.0,5.0,0.0,,,,,,,,,2026-09-26T12:04:04.332344+00:00
3836,K. Mitoglou,PAO,Forward,44,15.4,5.9,0.4,11.0,6.0,0.0,2.0,1.0,0.0,1.0,2.0,1.0,4.0,0.0,,,,,,,,,2026-09-26T12:04:04.332344+00:00
8808,E. Omoruyi,BJK,Forward,45,15.0,10.6,0.1,17.0,4.0,3.0,1.0,4.0,0.0,0.0,6.0,4.0,6.0,2.0,,,,,,,,,2026-09-26T12:04:04.332344+00:00
3875,M. Guduric,MIL,Guard,46,15.0,9.8,0.2,17.0,3.0,5.0,0.0,2.0,0.0,1.0,0.0,1.0,6.0,0.0,,,,,,,,,2026-09-26T12:04:04.332344+00:00
3771,W. Baldwin,FBT,Guard,47,14.3,14.2,-0.1,12.0,4.0,6.0,0.0,4.0,0.0,0.0,4.0,2.0,5.0,2.0,,,,,,,,,2026-09-26T12:04:04.332344+00:00
11526,G. Yabusele,PAO,Forward,48,14.3,14.2,-0.1,13.0,5.0,0.0,1.0,0.0,0.0,0.0,1.0,2.0,5.0,0.0,,,,,,,,,2026-09-26T12:04:04.332344+00:00
3825,J. Hernangomez,PAO,Forward,49,14.3,11.5,0.1,5.0,6.0,1.0,2.0,0.0,0.0,0.0,1.0,1.0,1.0,0.0,,,,,,,,,2026-09-26T12:04:04.332344+00:00
3884,N. Sako,VBC,Center,50,14.3,9.0,0.2,10.0,2.0,2.0,0.0,0.0,0.0,0.0,3.0,4.0,0.0,0.0,,,,,,,,,2026-09-26T12:04:04.332344+00:00
3963,A. Pajola,PAR,Guard,51,14.3,7.6,0.3,7.0,4.0,3.0,2.0,2.0,0.0,0.0,3.0,1.0,3.0,0.0,,,,,,,,,2026-09-26T12:04:04.332344+00:00
3898,A. Zizic,BJK,Center,52,14.0,12.0,0.0,4.0,7.0,0.0,1.0,0.0,0.0,0.0,3.0,0.0,0.0,1.0,,,,,,,,,2026-09-26T12:04:04.332344+00:00
3804,T. Sedekerskis,KBA,Forward,53,14.0,10.5,0.1,15.0,2.0,0.0,0.0,0.0,0.0,1.0,2.0,3.0,1.0,0.0,,,,,,,,,2026-09-26T12:04:04.332344+00:00
11508,J. Toppin,HTA,Forward,54,14.0,9.9,0.1,11.0,3.0,0.0,2.0,0.0,1.0,0.0,0.0,2.0,1.0,0.0,,,,,,,,,2026-09-26T12:04:04.332344+00:00
4233,M. Kabengele,DUB,Center,55,13.2,14.5,-0.1,9.0,7.0,3.0,0.0,2.0,2.0,1.0,3.0,0.0,8.0,1.0,,,,,,,,,2026-09-26T12:04:04.332344+00:00
3821,D. Hall,OLY,Center,56,13.2,11.0,0.1,4.0,7.0,1.0,1.0,1.0,1.0,0.0,2.0,2.0,1.0,0.0,,,,,,,,,2026-09-26T12:04:04.332344+00:00
3846,T. Ward,OLY,Forward,57,13.2,7.7,0.2,11.0,3.0,2.0,1.0,1.0,0.0,0.0,2.0,1.0,5.0,0.0,,,,,,,,,2026-09-26T12:04:04.332344+00:00
3911,K. Hayes,PAR,Center,58,13.2,7.5,0.2,10.0,3.0,1.0,0.0,0.0,2.0,0.0,1.0,4.0,1.0,0.0,,,,,,,,,2026-09-26T12:04:04.332344+00:00
4061,E. Mantzoukas,PAO,Forward,59,13.2,4.8,0.3,10.0,4.0,1.0,0.0,1.0,3.0,0.0,0.0,2.0,3.0,0.0,,,,,,,,,2026-09-26T12:04:04.332344+00:00
3903,E. Bryant,HTA,Guard,60,13.0,15.3,-0.2,10.0,2.0,3.0,0.0,2.0,0.0,0.0,7.0,2.0,5.0,0.0,,,,,,,,,2026-09-26T12:04:04.332344+00:00
3799,Z. Leday,HTA,Forward,61,13.0,13.2,-0.1,8.0,4.0,0.0,0.0,0.0,0.0,0.0,4.0,0.0,3.0,0.0,,,,,,,,,2026-09-26T12:04:04.332344+00:00
11492,J. Nowell,BJK,Guard,62,13.0,9.8,0.1,17.0,4.0,2.0,0.0,2.0,0.0,0.0,2.0,4.0,6.0,0.0,,,,,,,,,2026-09-26T12:04:04.332344+00:00
3842,S. Wilbekin,BJK,Guard,63,13.0,7.7,0.2,12.0,1.0,5.0,1.0,0.0,0.0,0.0,4.0,2.0,7.0,1.0,,,,,,,,,2026-09-26T12:04:04.332344+00:00
3807,E. Okobo,DUB,Guard,64,12.1,12.2,0.0,8.0,4.0,4.0,1.0,1.0,0.0,0.0,1.0,2.0,4.0,0.0,,,,,,,,,2026-09-26T12:04:04.332344+00:00
3888,S. Brown,ZAL,Guard,65,12.1,10.6,0.0,10.0,2.0,0.0,0.0,0.0,1.0,0.0,2.0,3.0,1.0,0.0,,,,,,,,,2026-09-26T12:04:04.332344+00:00
11520,Y. Pons,ASV,Forward,66,12.1,7.7,0.2,9.0,2.0,0.0,1.0,0.0,0.0,0.0,1.0,1.0,1.0,0.0,,,,,,,,,2026-09-26T12:04:04.332344+00:00
3985,D. Lighty,ASV,Forward,67,12.1,5.1,0.3,10.0,0.0,1.0,0.0,0.0,0.0,0.0,2.0,0.0,2.0,0.0,,,,,,,,,2026-09-26T12:04:04.332344+00:00
9064,K. Edwards,VIR,Forward,68,12.0,10.0,0.0,2.0,7.0,1.0,0.0,0.0,1.0,0.0,2.0,1.0,0.0,0.0,,,,,,,,,2026-09-26T12:04:04.332344+00:00
4180,D. Dotson,BJK,Guard,69,12.0,9.9,0.0,9.0,0.0,4.0,0.0,1.0,0.0,0.0,6.0,3.0,1.0,2.0,,,,,,,,,2026-09-26T12:04:04.332344+00:00
11536,D. Jones,RMB,Center,70,12.0,9.2,0.1,10.0,5.0,0.0,0.0,1.0,1.0,0.0,0.0,1.0,2.0,0.0,,,,,,,,,2026-09-26T12:04:04.332344+00:00
4081,C. Morgan,BJK,Forward,71,12.0,8.6,0.1,15.0,2.0,1.0,0.0,2.0,1.0,0.0,0.0,3.0,2.0,0.0,,,,,,,,,2026-09-26T12:04:04.332344+00:00
7226,A. Dokossi,PBB,Center,72,12.0,8.1,0.1,4.0,5.0,4.0,2.0,2.0,1.0,0.0,0.0,2.0,0.0,0.0,,,,,,,,,2026-09-26T12:04:04.332344+00:00
3777,W. Clyburn,FBT,Forward,73,11.0,12.3,-0.1,8.0,3.0,1.0,2.0,0.0,0.0,1.0,3.0,0.0,6.0,0.0,,,,,,,,,2026-09-26T12:04:04.332344+00:00
7202,J. Robinson,BAR,Guard,74,11.0,12.1,-0.1,10.0,2.0,2.0,0.0,3.0,0.0,0.0,3.0,0.0,4.0,0.0,,,,,,,,,2026-09-26T12:04:04.332344+00:00
3993,M. Strazel,EFS,Guard,75,11.0,10.3,0.0,12.0,2.0,3.0,1.0,2.0,0.0,1.0,3.0,1.0,6.0,0.0,,,,,,,,,2026-09-26T12:04:04.332344+00:00
8721,J. Butler,CZV,Guard,76,11.0,10.1,0.0,11.0,2.0,4.0,0.0,1.0,1.0,0.0,2.0,1.0,7.0,0.0,,,,,,,,,2026-09-26T12:04:04.332344+00:00
11511,C. Duarte,KBA,Guard,77,11.0,10.0,0.0,9.0,5.0,3.0,2.0,1.0,0.0,0.0,1.0,2.0,6.0,0.0,,,,,,,,,2026-09-26T12:04:04.332344+00:00
11547,W. Moore,VIR,Guard,78,11.0,8.8,0.1,9.0,7.0,1.0,0.0,0.0,0.0,0.0,1.0,2.0,5.0,0.0,,,,,,,,,2026-09-26T12:04:04.332344+00:00
3862,J. Rivero,VBC,Center,79,11.0,7.5,0.1,10.0,3.0,0.0,0.0,1.0,0.0,1.0,3.0,2.0,2.0,0.0,,,,,,,,,2026-09-26T12:04:04.332344+00:00
11540,M. Saint-supery,VBC,Guard,80,11.0,4.9,0.2,7.0,1.0,3.0,2.0,3.0,0.0,0.0,4.0,2.0,2.0,0.0,,,,,,,,,2026-09-26T12:04:04.332344+00:00
3770,C. Moneke,CZV,Forward,81,10.0,15.2,-0.3,9.0,3.0,1.0,0.0,0.0,1.0,0.0,4.0,2.0,5.0,1.0,,,,,,,,,2026-09-26T12:04:04.332344+00:00
7197,O. Brissett,MTA,Forward,82,10.0,10.2,0.0,8.0,7.0,0.0,2.0,0.0,0.0,0.0,2.0,1.0,8.0,0.0,,,,,,,,,2026-09-26T12:04:04.332344+00:00
3897,S. Jasikevicius,FBT,Head Coach,83,10.0,9.0,0.0,,,,,,,,,,,,1.0,0.0,0.0,0.0,0.0,0.0,0.0,0.0,2026-09-26T12:04:04.332344+00:00
3909,A. Sekulic,BAR,Head Coach,84,10.0,8.1,0.1,,,,,,,,,,,,1.0,0.0,0.0,0.0,0.0,0.0,0.0,0.0,2026-09-26T12:04:04.332344+00:00
7235,X. Pascual,DUB,Head Coach,85,10.0,8.1,0.1,,,,,,,,,,,,1.0,0.0,0.0,0.0,0.0,0.0,0.0,0.0,2026-09-26T12:04:04.332344+00:00
4006,T. Masiulis,ZAL,Head Coach,86,10.0,7.6,0.1,,,,,,,,,,,,1.0,0.0,0.0,0.0,0.0,0.0,0.0,0.0,2026-09-26T12:04:04.332344+00:00
4255,X. Albert,VBC,Head Coach,87,10.0,7.1,0.1,,,,,,,,,,,,1.0,0.0,0.0,0.0,0.0,0.0,0.0,0.0,2026-09-26T12:04:04.332344+00:00
7225,D. Kramer,CZV,Guard,88,10.0,6.6,0.1,11.0,4.0,1.0,1.0,0.0,0.0,0.0,1.0,4.0,4.0,0.0,,,,,,,,,2026-09-26T12:04:04.332344+00:00
7424,A. Diarra,VIR,Center,89,10.0,6.6,0.1,8.0,1.0,1.0,0.0,0.0,1.0,0.0,2.0,1.0,2.0,0.0,,,,,,,,,2026-09-26T12:04:04.332344+00:00
3869,M. Jantunen,RMB,Forward,90,10.0,6.1,0.1,10.0,1.0,0.0,0.0,0.0,1.0,0.0,1.0,2.0,1.0,0.0,,,,,,,,,2026-09-26T12:04:04.332344+00:00
4014,T. Parker,ASV,Head Coach,91,10.0,6.1,0.1,,,,,,,,,,,,1.0,0.0,0.0,0.0,0.0,0.0,0.0,0.0,2026-09-26T12:04:04.332344+00:00
3974,A. Gavel,BAY,Head Coach,92,10.0,5.1,0.1,,,,,,,,,,,,1.0,0.0,0.0,0.0,0.0,0.0,0.0,0.0,2026-09-26T12:04:04.332344+00:00
4096,M. Wright,DUB,Guard,93,9.9,13.3,-0.2,12.0,5.0,3.0,0.0,3.0,0.0,1.0,2.0,3.0,4.0,2.0,,,,,,,,,2026-09-26T12:04:04.332344+00:00
3853,J. Grant,PAO,Guard,94,9.9,8.8,0.0,7.0,1.0,3.0,1.0,0.0,1.0,0.0,2.0,1.0,5.0,0.0,,,,,,,,,2026-09-26T12:04:04.332344+00:00
4097,N. Tanaskovic,PAR,Center,95,9.9,7.9,0.1,7.0,6.0,0.0,1.0,0.0,0.0,1.0,1.0,1.0,3.0,1.0,,,,,,,,,2026-09-26T12:04:04.332344+00:00
3824,L. Vildoza,PAR,Guard,96,9.9,7.8,0.1,7.0,1.0,3.0,4.0,2.0,0.0,0.0,2.0,2.0,3.0,1.0,,,,,,,,,2026-09-26T12:04:04.332344+00:00
4195,J. Jessup,BAY,Guard,97,9.9,7.8,0.1,11.0,0.0,0.0,1.0,0.0,0.0,1.0,1.0,0.0,3.0,0.0,,,,,,,,,2026-09-26T12:04:04.332344+00:00
3843,M. Wright,MIL,Center,98,9.0,13.7,-0.3,6.0,7.0,3.0,0.0,4.0,0.0,0.0,3.0,2.0,3.0,1.0,,,,,,,,,2026-09-26T12:04:04.332344+00:00
4882,D. Theis,MTA,Center,99,9.0,12.0,-0.2,9.0,3.0,0.0,1.0,4.0,0.0,0.0,4.0,2.0,1.0,1.0,,,,,,,,,2026-09-26T12:04:04.332344+00:00
11528,T. Etienne,PBB,Guard,100,9.0,11.0,-0.1,17.0,1.0,2.0,0.0,0.0,0.0,3.0,2.0,0.0,8.0,2.0,,,,,,,,,2026-09-26T12:04:04.332344+00:00
7220,E. Izundu,CZV,Center,101,9.0,9.4,0.0,7.0,4.0,0.0,2.0,0.0,1.0,0.0,3.0,3.0,4.0,1.0,,,,,,,,,2026-09-26T12:04:04.332344+00:00
3981,M. Diouf,VIR,Center,102,9.0,9.3,0.0,7.0,3.0,0.0,1.0,1.0,0.0,0.0,4.0,3.0,1.0,1.0,,,,,,,,,2026-09-26T12:04:04.332344+00:00
11513,D. Baugh,KBA,Guard,103,9.0,8.4,0.0,7.0,2.0,2.0,1.0,0.0,0.0,0.0,1.0,1.0,3.0,0.0,,,,,,,,,2026-09-26T12:04:04.332344+00:00
3838,C. Malcolm,EFS,Forward,104,9.0,8.1,0.0,5.0,2.0,2.0,1.0,0.0,0.0,0.0,1.0,0.0,1.0,1.0,,,,,,,,,2026-09-26T12:04:04.332344+00:00
4246,S. Ojeleye,CZV,Forward,105,9.0,7.5,0.0,9.0,7.0,1.0,0.0,1.0,0.0,1.0,4.0,4.0,4.0,2.0,,,,,,,,,2026-09-26T12:04:04.332344+00:00
7238,R. Kurucs,KBA,Forward,106,9.0,6.6,0.1,5.0,4.0,5.0,4.0,2.0,0.0,0.0,1.0,3.0,5.0,0.0,,,,,,,,,2026-09-26T12:04:04.332344+00:00
3926,F. Petrusev,DUB,Forward,107,8.8,12.5,-0.2,3.0,6.0,2.0,0.0,0.0,0.0,1.0,2.0,1.0,3.0,0.0,,,,,,,,,2026-09-26T12:04:04.332344+00:00
3892,R. Jokubaitis,BAY,Guard,108,8.8,8.6,0.0,6.0,1.0,6.0,1.0,1.0,0.0,1.0,2.0,1.0,5.0,0.0,,,,,,,,,2026-09-26T12:04:04.332344+00:00
3801,N. Melli,FBT,Forward,109,8.8,8.2,0.0,4.0,5.0,1.0,2.0,2.0,3.0,1.0,2.0,3.0,3.0,0.0,,,,,,,,,2026-09-26T12:04:04.332344+00:00
3793,J. Nwora,CZV,Forward,110,8.0,12.8,-0.2,10.0,5.0,1.0,0.0,1.0,0.0,2.0,4.0,1.0,6.0,2.0,,,,,,,,,2026-09-26T12:04:04.332344+00:00
3816,M. Howard,KBA,Guard,111,8.0,8.3,0.0,9.0,1.0,1.0,0.0,0.0,0.0,1.0,1.0,0.0,3.0,0.0,,,,,,,,,2026-09-26T12:04:04.332344+00:00
3851,A. Feliz,RMB,Guard,112,8.0,6.3,0.1,9.0,5.0,4.0,0.0,2.0,1.0,1.0,0.0,1.0,7.0,0.0,,,,,,,,,2026-09-26T12:04:04.332344+00:00
3815,T. Forrest,FBT,Guard,113,7.7,10.4,-0.2,4.0,5.0,3.0,1.0,1.0,0.0,0.0,1.0,1.0,5.0,0.0,,,,,,,,,2026-09-26T12:04:04.332344+00:00
3833,A. Brooks,VBC,Guard,114,7.7,10.2,-0.1,10.0,5.0,3.0,0.0,2.0,0.0,1.0,0.0,1.0,7.0,0.0,,,,,,,,,2026-09-26T12:04:04.332344+00:00
8368,M. Diakite,DUB,Center,115,7.7,10.0,-0.1,6.0,2.0,1.0,1.0,0.0,1.0,0.0,1.0,3.0,2.0,0.0,,,,,,,,,2026-09-26T12:04:04.332344+00:00
4360,E. Fournier,OLY,Guard,116,7.7,9.3,-0.1,7.0,1.0,3.0,1.0,1.0,0.0,0.0,0.0,1.0,3.0,0.0,,,,,,,,,2026-09-26T12:04:04.332344+00:00
11519,H. Besson,ASV,Guard,117,7.7,8.7,-0.1,8.0,3.0,4.0,0.0,2.0,1.0,0.0,2.0,3.0,6.0,0.0,,,,,,,,,2026-09-26T12:04:04.332344+00:00
4251,B. Badio,PAO,Guard,118,7.7,8.2,-0.1,4.0,3.0,2.0,0.0,2.0,1.0,0.0,2.0,1.0,2.0,0.0,,,,,,,,,2026-09-26T12:04:04.332344+00:00
3852,E. Ulanovas,ZAL,Forward,119,7.7,6.4,0.0,6.0,1.0,0.0,0.0,1.0,0.0,0.0,6.0,1.0,2.0,2.0,,,,,,,,,2026-09-26T12:04:04.332344+00:00
3834,N. Hifi,PBB,Guard,120,7.0,14.4,-0.4,11.0,2.0,2.0,0.0,3.0,0.0,2.0,7.0,0.0,9.0,1.0,,,,,,,,,2026-09-26T12:04:04.332344+00:00
3772,F. Campazzo,RMB,Guard,121,7.0,13.4,-0.3,6.0,2.0,2.0,1.0,1.0,0.0,0.0,4.0,1.0,6.0,0.0,,,,,,,,,2026-09-26T12:04:04.332344+00:00
4675,A. Blakeney,HTA,Guard,122,7.0,9.5,-0.1,11.0,2.0,2.0,0.0,1.0,0.0,0.0,2.0,1.0,8.0,0.0,,,,,,,,,2026-09-26T12:04:04.332344+00:00
4884,J. Clark III,MTA,Guard,123,7.0,9.4,-0.1,9.0,4.0,6.0,0.0,3.0,0.0,0.0,0.0,5.0,4.0,0.0,,,,,,,,,2026-09-26T12:04:04.332344+00:00
11534,O. Sarr,RMB,Center,124,7.0,9.0,-0.1,4.0,2.0,0.0,0.0,0.0,0.0,0.0,2.0,0.0,0.0,1.0,,,,,,,,,2026-09-26T12:04:04.332344+00:00
8463,K. Jones,EFS,Center,125,7.0,8.7,-0.1,2.0,5.0,1.0,0.0,0.0,0.0,0.0,0.0,1.0,0.0,0.0,,,,,,,,,2026-09-26T12:04:04.332344+00:00
3776,W. Gabriel,BJK,Center,126,7.0,8.3,-0.1,6.0,2.0,0.0,0.0,0.0,1.0,0.0,1.0,3.0,0.0,0.0,,,,,,,,,2026-09-26T12:04:04.332344+00:00
3915,M. Spagnolo,KBA,Guard,127,7.0,6.4,0.0,5.0,3.0,3.0,0.0,2.0,0.0,0.0,2.0,2.0,2.0,0.0,,,,,,,,,2026-09-26T12:04:04.332344+00:00
3975,S. Herrera,PBB,Guard,128,7.0,5.1,0.1,9.0,1.0,1.0,1.0,0.0,0.0,1.0,1.0,0.0,5.0,0.0,,,,,,,,,2026-09-26T12:04:04.332344+00:00
4340,K. Allman,PAR,Guard,129,6.6,9.9,-0.2,8.0,2.0,1.0,0.0,1.0,0.0,0.0,1.0,2.0,2.0,1.0,,,,,,,,,2026-09-26T12:04:04.332344+00:00
11500,S. Umude,BAR,Guard,130,6.6,9.0,-0.1,7.0,3.0,1.0,1.0,0.0,1.0,0.0,2.0,3.0,4.0,2.0,,,,,,,,,2026-09-26T12:04:04.332344+00:00
11502,O. Nkamhoua,BAR,Forward,131,6.6,7.7,-0.1,2.0,4.0,0.0,0.0,0.0,0.0,0.0,2.0,2.0,0.0,0.0,,,,,,,,,2026-09-26T12:04:04.332344+00:00
4375,A. Butkevicius,ZAL,Forward,132,6.6,7.0,0.0,0.0,6.0,1.0,2.0,0.0,0.0,0.0,1.0,4.0,0.0,0.0,,,,,,,,,2026-09-26T12:04:04.332344+00:00
7390,T. Jensen,BAY,Guard,133,6.6,6.8,0.0,5.0,1.0,1.0,2.0,2.0,0.0,0.0,2.0,1.0,2.0,0.0,,,,,,,,,2026-09-26T12:04:04.332344+00:00
4084,D. Sleva,ZAL,Forward,134,6.6,6.3,0.0,7.0,3.0,0.0,1.0,0.0,0.0,0.0,2.0,3.0,1.0,3.0,,,,,,,,,2026-09-26T12:04:04.332344+00:00
7193,V. Micic,HTA,Guard,135,6.0,11.7,-0.3,14.0,2.0,3.0,0.0,3.0,0.0,1.0,5.0,4.0,10.0,0.0,,,,,,,,,2026-09-26T12:04:04.332344+00:00
11491,D. Dejulius,BJK,Guard,136,6.0,9.7,-0.2,4.0,1.0,4.0,1.0,1.0,0.0,0.0,0.0,1.0,2.0,0.0,,,,,,,,,2026-09-26T12:04:04.332344+00:00
3860,D. Booker,MIL,Center,137,6.0,9.5,-0.2,9.0,3.0,0.0,0.0,1.0,0.0,0.0,0.0,2.0,3.0,0.0,,,,,,,,,2026-09-26T12:04:04.332344+00:00
7422,E. Osmani,EFS,Forward,138,6.0,9.4,-0.2,6.0,3.0,2.0,0.0,1.0,0.0,0.0,0.0,1.0,3.0,0.0,,,,,,,,,2026-09-26T12:04:04.332344+00:00
4257,J. Pradilla,RMB,Forward,139,6.0,8.6,-0.1,5.0,2.0,0.0,1.0,0.0,0.0,0.0,1.0,1.0,2.0,0.0,,,,,,,,,2026-09-26T12:04:04.332344+00:00
4012,G. Ricci,MIL,Forward,140,6.0,4.5,0.0,3.0,2.0,0.0,0.0,0.0,0.0,0.0,1.0,0.0,0.0,0.0,,,,,,,,,2026-09-26T12:04:04.332344+00:00
4088,B. Ugurlu,BJK,Guard,141,6.0,4.5,0.1,3.0,0.0,2.0,0.0,0.0,0.0,0.0,1.0,0.0,0.0,0.0,,,,,,,,,2026-09-26T12:04:04.332344+00:00
11503,M. Beauchamp,BAY,Forward,142,5.5,11.0,-0.3,8.0,3.0,2.0,3.0,2.0,0.0,1.0,1.0,3.0,6.0,0.0,,,,,,,,,2026-09-26T12:04:04.332344+00:00
3822,J. Bolomboy,ASV,Center,143,5.5,10.2,-0.2,2.0,6.0,0.0,3.0,2.0,0.0,0.0,0.0,3.0,1.0,0.0,,,,,,,,,2026-09-26T12:04:04.332344+00:00
3880,D. Willis,PAR,Forward,144,5.5,8.0,-0.1,3.0,1.0,0.0,0.0,0.0,1.0,0.0,0.0,0.0,0.0,0.0,,,,,,,,,2026-09-26T12:04:04.332344+00:00
3867,K. Papanikolaou,OLY,Forward,145,5.5,4.3,0.0,0.0,3.0,1.0,1.0,1.0,1.0,0.0,0.0,0.0,0.0,0.0,,,,,,,,,2026-09-26T12:04:04.332344+00:00
3769,W. Tavares,RMB,Center,146,5.0,14.3,-0.4,8.0,4.0,0.0,1.0,2.0,1.0,2.0,2.0,4.0,3.0,0.0,,,,,,,,,2026-09-26T12:04:04.332344+00:00
3864,T. Luwawu-Cabarrot,RMB,Forward,147,5.0,12.4,-0.4,11.0,0.0,0.0,1.0,0.0,0.0,1.0,1.0,2.0,5.0,0.0,,,,,,,,,2026-09-26T12:04:04.332344+00:00
11527,T. Warren,PBB,Forward,148,5.0,11.2,-0.3,9.0,2.0,0.0,0.0,2.0,0.0,0.0,0.0,2.0,2.0,0.0,,,,,,,,,2026-09-26T12:04:04.332344+00:00
8714,K. Simmons,KBA,Guard,149,5.0,9.4,-0.2,6.0,2.0,6.0,0.0,1.0,0.0,1.0,1.0,1.0,7.0,0.0,,,,,,,,,2026-09-26T12:04:04.332344+00:00
8762,J. Rhoden,PBB,Guard,150,5.0,8.8,-0.2,11.0,1.0,1.0,0.0,4.0,1.0,0.0,2.0,3.0,4.0,0.0,,,,,,,,,2026-09-26T12:04:04.332344+00:00
3992,T. Tarpey,PBB,Guard,151,5.0,6.9,-0.1,0.0,5.0,6.0,1.0,1.0,0.0,0.0,0.0,2.0,4.0,0.0,,,,,,,,,2026-09-26T12:04:04.332344+00:00
3933,L. Cavaliere,PBB,Forward,152,5.0,4.8,0.0,3.0,1.0,2.0,2.0,1.0,0.0,0.0,0.0,2.0,0.0,0.0,,,,,,,,,2026-09-26T12:04:04.332344+00:00
3899,C. Edwards,ZAL,Guard,153,4.4,11.1,-0.3,13.0,0.0,0.0,2.0,1.0,0.0,1.0,1.0,3.0,7.0,0.0,,,,,,,,,2026-09-26T12:04:04.332344+00:00
7269,A. Wiley,BAY,Center,154,4.4,10.7,-0.3,6.0,5.0,0.0,1.0,2.0,0.0,1.0,1.0,4.0,2.0,0.0,,,,,,,,,2026-09-26T12:04:04.332344+00:00
11558,J. Minaya,BAR,Forward,155,4.4,7.4,-0.1,3.0,1.0,1.0,0.0,0.0,0.0,0.0,1.0,2.0,0.0,0.0,,,,,,,,,2026-09-26T12:04:04.332344+00:00
3942,M. Lo,ZAL,Guard,156,4.4,7.1,-0.1,3.0,4.0,3.0,0.0,3.0,0.0,1.0,1.0,1.0,2.0,0.0,,,,,,,,,2026-09-26T12:04:04.332344+00:00
11506,I. Sargiunas,FBT,Guard,157,4.4,6.2,-0.1,6.0,1.0,0.0,0.0,1.0,0.0,0.0,1.0,1.0,2.0,0.0,,,,,,,,,2026-09-26T12:04:04.332344+00:00
3984,S. Sanli,FBT,Center,158,4.4,4.5,0.0,5.0,3.0,0.0,0.0,0.0,0.0,0.0,1.0,3.0,2.0,0.0,,,,,,,,,2026-09-26T12:04:04.332344+00:00
11545,M. Carr,VIR,Guard,159,4.0,9.6,-0.3,12.0,0.0,4.0,0.0,2.0,0.0,1.0,3.0,3.0,8.0,1.0,,,,,,,,,2026-09-26T12:04:04.332344+00:00
7212,D. Alston Jr.,VIR,Forward,160,4.0,8.2,-0.2,10.0,2.0,1.0,0.0,1.0,0.0,0.0,1.0,3.0,6.0,0.0,,,,,,,,,2026-09-26T12:04:04.332344+00:00
4167,I. Wainright,HTA,Forward,161,4.0,6.4,-0.1,2.0,4.0,1.0,2.0,2.0,1.0,0.0,1.0,1.0,4.0,0.0,,,,,,,,,2026-09-26T12:04:04.332344+00:00
3782,N. Milutinov,OLY,Center,162,3.3,14.8,-0.5,2.0,2.0,0.0,0.0,0.0,0.0,0.0,1.0,2.0,0.0,0.0,,,,,,,,,2026-09-26T12:04:04.332344+00:00
3774,T. Shengelia,DUB,Forward,163,3.3,13.3,-0.5,5.0,8.0,0.0,0.0,2.0,0.0,0.0,2.0,2.0,8.0,0.0,,,,,,,,,2026-09-26T12:04:04.332344+00:00
7237,N. Reuvers,VBC,Forward,164,3.3,10.0,-0.3,5.0,3.0,0.0,1.0,2.0,0.0,0.0,1.0,2.0,3.0,0.0,,,,,,,,,2026-09-26T12:04:04.332344+00:00
3907,J. Blossomgame,DUB,Forward,165,3.3,9.1,-0.3,0.0,1.0,0.0,0.0,0.0,1.0,0.0,1.0,0.0,0.0,0.0,,,,,,,,,2026-09-26T12:04:04.332344+00:00
7210,O. Moore,VBC,Guard,166,3.3,8.3,-0.2,2.0,5.0,2.0,0.0,0.0,0.0,0.0,0.0,1.0,5.0,0.0,,,,,,,,,2026-09-26T12:04:04.332344+00:00
3976,A. Lakic,PAR,Forward,167,3.3,4.0,0.0,7.0,1.0,0.0,0.0,1.0,0.0,0.0,2.0,3.0,2.0,1.0,,,,,,,,,2026-09-26T12:04:04.332344+00:00
4808,B. Fernando,EFS,Center,168,3.0,10.0,-0.3,6.0,3.0,0.0,1.0,1.0,0.0,1.0,0.0,4.0,1.0,0.0,,,,,,,,,2026-09-26T12:04:04.332344+00:00
11546,B. Klintman,VIR,Center,169,3.0,9.6,-0.3,4.0,4.0,2.0,0.0,1.0,0.0,0.0,0.0,5.0,1.0,0.0,,,,,,,,,2026-09-26T12:04:04.332344+00:00
11529,A. Johnson,PBB,Forward,170,3.0,9.5,-0.3,6.0,4.0,0.0,0.0,0.0,0.0,1.0,4.0,4.0,3.0,3.0,,,,,,,,,2026-09-26T12:04:04.332344+00:00
4210,A. Brown,BJK,Forward,171,3.0,9.4,-0.3,7.0,3.0,1.0,1.0,2.0,0.0,0.0,1.0,3.0,5.0,0.0,,,,,,,,,2026-09-26T12:04:04.332344+00:00
8730,K. Faried,KBA,Center,172,3.0,9.2,-0.3,5.0,3.0,0.0,0.0,0.0,0.0,0.0,3.0,4.0,3.0,1.0,,,,,,,,,2026-09-26T12:04:04.332344+00:00
3831,D. Thompson,MIL,Guard,173,3.0,8.4,-0.3,7.0,0.0,2.0,1.0,2.0,0.0,0.0,1.0,3.0,3.0,0.0,,,,,,,,,2026-09-26T12:04:04.332344+00:00
11488,S. Yusta,EFS,Forward,174,3.0,8.4,-0.3,4.0,2.0,0.0,0.0,0.0,0.0,0.0,0.0,2.0,1.0,0.0,,,,,,,,,2026-09-26T12:04:04.332344+00:00
7217,T. Carter,CZV,Guard,175,3.0,6.6,-0.2,3.0,3.0,0.0,1.0,1.0,0.0,1.0,2.0,1.0,3.0,0.0,,,,,,,,,2026-09-26T12:04:04.332344+00:00
8830,F. Ferrari,VIR,Forward,176,3.0,5.1,-0.1,2.0,1.0,0.0,0.0,0.0,0.0,0.0,0.0,0.0,0.0,0.0,,,,,,,,,2026-09-26T12:04:04.332344+00:00
3808,C. Miller-Mcintyre,OLY,Guard,177,2.2,10.6,-0.4,2.0,2.0,6.0,0.0,4.0,0.0,0.0,2.0,3.0,3.0,0.0,,,,,,,,,2026-09-26T12:04:04.332344+00:00
7203,M. Norris,BAY,Forward,178,2.2,8.6,-0.3,4.0,4.0,0.0,1.0,3.0,1.0,0.0,0.0,3.0,2.0,0.0,,,,,,,,,2026-09-26T12:04:04.332344+00:00
7338,B. Gach,ASV,Forward,179,2.2,8.4,-0.3,5.0,0.0,1.0,0.0,1.0,0.0,0.0,1.0,2.0,2.0,0.0,,,,,,,,,2026-09-26T12:04:04.332344+00:00
7215,D. Osetkowski,VBC,Forward,180,2.2,7.7,-0.3,1.0,5.0,0.0,1.0,0.0,0.0,0.0,0.0,3.0,2.0,0.0,,,,,,,,,2026-09-26T12:04:04.332344+00:00
3948,M. Ndiaye,OLY,Forward,181,2.2,7.3,-0.2,4.0,0.0,0.0,0.0,1.0,1.0,0.0,2.0,3.0,0.0,1.0,,,,,,,,,2026-09-26T12:04:04.332344+00:00
4019,P. Kalaitzakis,PAO,Guard,182,2.2,4.0,0.0,3.0,3.0,2.0,2.0,0.0,0.0,0.0,1.0,5.0,4.0,0.0,,,,,,,,,2026-09-26T12:04:04.332344+00:00
7258,D. Russell,EFS,Guard,183,2.0,10.3,-0.4,3.0,1.0,1.0,1.0,0.0,0.0,0.0,1.0,1.0,4.0,0.0,,,,,,,,,2026-09-26T12:04:04.332344+00:00
11544,T. Frazier,VIR,Guard,184,2.0,10.1,-0.4,8.0,2.0,3.0,0.0,3.0,0.0,1.0,4.0,1.0,10.0,0.0,,,,,,,,,2026-09-26T12:04:04.332344+00:00
11509,E. German,HTA,Guard,185,2.0,7.7,-0.3,8.0,0.0,0.0,0.0,1.0,0.0,0.0,0.0,1.0,4.0,0.0,,,,,,,,,2026-09-26T12:04:04.332344+00:00
3934,I. Bonga,PAO,Forward,186,1.1,11.0,-0.5,5.0,2.0,1.0,0.0,3.0,0.0,0.0,1.0,3.0,2.0,0.0,,,,,,,,,2026-09-26T12:04:04.332344+00:00
3859,V. Lucic,BAY,Forward,187,1.1,8.7,-0.3,0.0,1.0,1.0,0.0,0.0,0.0,0.0,1.0,1.0,1.0,0.0,,,,,,,,,2026-09-26T12:04:04.332344+00:00
3957,O. Da Silva,BAY,Forward,188,1.1,7.0,-0.3,0.0,0.0,1.0,0.0,0.0,0.0,0.0,1.0,0.0,1.0,0.0,,,,,,,,,2026-09-26T12:04:04.332344+00:00
4258,J. Puerto,VBC,Guard,189,1.1,5.3,-0.2,0.0,1.0,1.0,0.0,1.0,0.0,0.0,0.0,0.0,0.0,0.0,,,,,,,,,2026-09-26T12:04:04.332344+00:00
7216,D. Bertans,DUB,Forward,190,1.1,5.3,-0.2,3.0,0.0,0.0,1.0,0.0,0.0,0.0,0.0,2.0,1.0,0.0,,,,,,,,,2026-09-26T12:04:04.332344+00:00
11541,A. Cardenas,VBC,Guard,191,1.1,4.4,-0.1,0.0,0.0,3.0,0.0,1.0,0.0,0.0,1.0,1.0,1.0,0.0,,,,,,,,,2026-09-26T12:04:04.332344+00:00
3810,B. Colson,MTA,Forward,192,1.0,10.8,-0.5,0.0,1.0,0.0,0.0,0.0,0.0,0.0,1.0,0.0,1.0,0.0,,,,,,,,,2026-09-26T12:04:04.332344+00:00
3881,L. Bolmaro,MIL,Guard,193,1.0,8.4,-0.3,1.0,2.0,2.0,0.0,1.0,1.0,0.0,2.0,2.0,3.0,1.0,,,,,,,,,2026-09-26T12:04:04.332344+00:00
7867,A. Bacot,MTA,Center,194,1.0,6.9,-0.3,0.0,0.0,1.0,0.0,0.0,0.0,0.0,0.0,0.0,0.0,0.0,,,,,,,,,2026-09-26T12:04:04.332344+00:00
4073,T. Odiase,HTA,Center,195,1.0,6.1,-0.2,0.0,1.0,0.0,1.0,1.0,0.0,0.0,2.0,2.0,0.0,0.0,,,,,,,,,2026-09-26T12:04:04.332344+00:00
3927,D. Hommes,PBB,Forward,196,1.0,6.0,-0.2,2.0,4.0,0.0,0.0,2.0,0.0,1.0,1.0,0.0,3.0,0.0,,,,,,,,,2026-09-26T12:04:04.332344+00:00
3886,D. Hackett,VIR,Guard,197,1.0,4.6,-0.2,0.0,4.0,1.0,0.0,1.0,0.0,0.0,0.0,2.0,1.0,0.0,,,,,,,,,2026-09-26T12:04:04.332344+00:00
4378,W. Rayman,MTA,Forward,198,1.0,4.2,-0.1,0.0,1.0,0.0,1.0,0.0,0.0,0.0,2.0,2.0,1.0,0.0,,,,,,,,,2026-09-26T12:04:04.332344+00:00
3916,G. Procida,RMB,Forward,199,1.0,4.0,-0.1,0.0,1.0,0.0,0.0,0.0,0.0,0.0,0.0,0.0,0.0,0.0,,,,,,,,,2026-09-26T12:04:04.332344+00:00
3805,K. Nunn,PAO,Guard,200,0.0,14.5,-0.1,0.0,0.0,0.0,0.0,0.0,0.0,0.0,0.0,0.0,0.0,0.0,,,,,,,,,2026-09-26T12:04:04.332344+00:00
3767,S. Larkin,FBT,Guard,201,0.0,13.4,-0.1,0.0,0.0,0.0,0.0,0.0,0.0,0.0,0.0,0.0,0.0,0.0,,,,,,,,,2026-09-26T12:04:04.332344+00:00
3787,N. Hayes-davis,PAO,Forward,202,0.0,13.3,-0.1,0.0,0.0,0.0,0.0,0.0,0.0,0.0,0.0,0.0,0.0,0.0,,,,,,,,,2026-09-26T12:04:04.332344+00:00
3790,D. Musa,DUB,Guard,203,0.0,13.2,-0.1,0.0,0.0,0.0,0.0,0.0,0.0,0.0,0.0,0.0,0.0,0.0,,,,,,,,,2026-09-26T12:04:04.332344+00:00
3785,J. Nebo,BAR,Center,204,0.0,12.4,-0.1,0.0,0.0,0.0,0.0,0.0,0.0,0.0,0.0,0.0,0.0,0.0,,,,,,,,,2026-09-26T12:04:04.332344+00:00
11507,A. Coffey,HTA,Forward,205,0.0,12.4,-0.1,0.0,0.0,0.0,0.0,0.0,0.0,0.0,0.0,0.0,0.0,0.0,,,,,,,,,2026-09-26T12:04:04.332344+00:00
4712,M. Bingham,FBT,Center,206,0.0,11.2,-0.1,0.0,0.0,0.0,0.0,0.0,0.0,0.0,0.0,0.0,0.0,0.0,,,,,,,,,2026-09-26T12:04:04.332344+00:00
3779,K. Sloukas,PAO,Guard,207,0.0,10.6,-0.1,0.0,0.0,0.0,0.0,0.0,0.0,0.0,0.0,0.0,0.0,0.0,,,,,,,,,2026-09-26T12:04:04.332344+00:00
11494,P. Baldwin Jr,CZV,Center,208,0.0,10.5,-0.1,0.0,0.0,0.0,0.0,0.0,0.0,0.0,0.0,0.0,0.0,0.0,,,,,,,,,2026-09-26T12:04:04.332344+00:00
7204,T. Leaf,MTA,Forward,209,0.0,10.4,-0.1,0.0,0.0,0.0,0.0,0.0,0.0,0.0,0.0,0.0,0.0,0.0,,,,,,,,,2026-09-26T12:04:04.332344+00:00
3806,D. Washington,BAY,Guard,210,0.0,10.0,-0.1,0.0,0.0,0.0,0.0,0.0,0.0,0.0,0.0,0.0,0.0,0.0,,,,,,,,,2026-09-26T12:04:04.332344+00:00
11505,J. Juzang,FBT,Forward,211,0.0,9.9,-0.1,0.0,0.0,0.0,0.0,0.0,0.0,0.0,0.0,0.0,0.0,0.0,,,,,,,,,2026-09-26T12:04:04.332344+00:00
11499,T. Evbuomwan,BAR,Forward,212,0.0,9.3,-0.1,0.0,0.0,0.0,0.0,0.0,0.0,0.0,0.0,0.0,0.0,0.0,,,,,,,,,2026-09-26T12:04:04.332344+00:00
11518,M. Dossou-yovo,ASV,Forward,213,0.0,9.3,-0.1,0.0,0.0,0.0,0.0,0.0,0.0,0.0,0.0,0.0,0.0,0.0,,,,,,,,,2026-09-26T12:04:04.332344+00:00
3841,T. Satoransky,HTA,Guard,214,0.0,9.2,-0.4,0.0,2.0,1.0,0.0,1.0,0.0,0.0,0.0,1.0,1.0,0.0,,,,,,,,,2026-09-26T12:04:04.332344+00:00
11517,T. Washington,ASV,Guard,215,0.0,9.2,-0.1,0.0,0.0,0.0,0.0,0.0,0.0,0.0,0.0,0.0,0.0,0.0,,,,,,,,,2026-09-26T12:04:04.332344+00:00
11530,M. Pereira,PBB,Forward,216,0.0,9.2,-0.1,0.0,0.0,0.0,0.0,0.0,0.0,0.0,0.0,0.0,0.0,0.0,,,,,,,,,2026-09-26T12:04:04.332344+00:00
4280,M. Blazevic,ZAL,Center,217,0.0,9.1,-0.4,5.0,2.0,0.0,0.0,3.0,0.0,0.0,2.0,3.0,2.0,1.0,,,,,,,,,2026-09-26T12:04:04.332344+00:00
3845,J. Lauvergne,PAR,Center,218,0.0,9.0,-0.1,0.0,0.0,0.0,0.0,0.0,0.0,0.0,0.0,0.0,0.0,0.0,,,,,,,,,2026-09-26T12:04:04.332344+00:00
3856,I. Cordinier,EFS,Guard,219,0.0,9.0,-0.1,0.0,0.0,0.0,0.0,0.0,0.0,0.0,0.0,0.0,0.0,0.0,,,,,,,,,2026-09-26T12:04:04.332344+00:00
7194,C. Okeke,RMB,Forward,220,0.0,8.9,-0.1,0.0,0.0,0.0,0.0,0.0,0.0,0.0,0.0,0.0,0.0,0.0,,,,,,,,,2026-09-26T12:04:04.332344+00:00
11490,G. Mathews,MIL,Guard,221,0.0,8.9,-0.1,0.0,0.0,0.0,0.0,0.0,0.0,0.0,0.0,0.0,0.0,0.0,,,,,,,,,2026-09-26T12:04:04.332344+00:00
11537,G. Corbalan,VBC,Guard,222,0.0,8.9,-0.1,0.0,0.0,0.0,0.0,0.0,0.0,0.0,0.0,0.0,0.0,0.0,,,,,,,,,2026-09-26T12:04:04.332344+00:00
4124,K. Kokila,VIR,Center,223,0.0,8.8,-0.1,0.0,0.0,0.0,0.0,0.0,0.0,0.0,0.0,0.0,0.0,0.0,,,,,,,,,2026-09-26T12:04:04.332344+00:00
11489,J. Burnell,MIL,Forward,224,0.0,8.8,-0.4,3.0,1.0,1.0,1.0,0.0,0.0,0.0,0.0,4.0,2.0,0.0,,,,,,,,,2026-09-26T12:04:04.332344+00:00
11538,M. Gueye,VBC,Forward,225,0.0,8.6,-0.1,0.0,0.0,0.0,0.0,0.0,0.0,0.0,0.0,0.0,0.0,0.0,,,,,,,,,2026-09-26T12:04:04.332344+00:00
4670,S. Lee,ZAL,Guard,226,0.0,8.5,-0.1,0.0,0.0,0.0,0.0,0.0,0.0,0.0,0.0,0.0,0.0,0.0,,,,,,,,,2026-09-26T12:04:04.332344+00:00
12145,N. Smith Jr,RMB,Guard,227,0.0,8.4,-0.1,0.0,0.0,0.0,0.0,0.0,0.0,0.0,0.0,0.0,0.0,0.0,,,,,,,,,2026-09-26T12:04:04.332344+00:00
3780,F. Korkmaz,BJK,Forward,228,0.0,8.2,-0.1,0.0,0.0,0.0,0.0,0.0,0.0,0.0,0.0,0.0,0.0,0.0,,,,,,,,,2026-09-26T12:04:04.332344+00:00
3797,M. Fall,PAO,Center,229,0.0,8.1,-0.1,0.0,0.0,0.0,0.0,0.0,0.0,0.0,0.0,0.0,0.0,0.0,,,,,,,,,2026-09-26T12:04:04.332344+00:00
11535,M. Shulga,RMB,Guard,230,0.0,7.9,-0.1,0.0,0.0,0.0,0.0,0.0,0.0,0.0,0.0,0.0,0.0,0.0,,,,,,,,,2026-09-26T12:04:04.332344+00:00
3826,F. Ntilikina,PBB,Guard,231,0.0,7.7,-0.1,0.0,0.0,0.0,0.0,0.0,0.0,0.0,0.0,0.0,0.0,0.0,,,,,,,,,2026-09-26T12:04:04.332344+00:00
3818,B. Caboclo,HTA,Center,232,0.0,7.6,-0.1,0.0,0.0,0.0,0.0,0.0,0.0,0.0,0.0,0.0,0.0,0.0,,,,,,,,,2026-09-26T12:04:04.332344+00:00
3960,T. Blatt,HTA,Guard,233,0.0,7.6,-0.1,0.0,0.0,0.0,0.0,0.0,0.0,0.0,0.0,0.0,0.0,0.0,,,,,,,,,2026-09-26T12:04:04.332344+00:00
7243,N. Sestina,ASV,Forward,234,0.0,7.6,-0.3,0.0,2.0,0.0,0.0,0.0,0.0,0.0,1.0,2.0,1.0,0.0,,,,,,,,,2026-09-26T12:04:04.332344+00:00
8834,C. Silva,FBT,Center,235,0.0,7.6,-0.3,3.0,2.0,0.0,0.0,2.0,0.0,0.0,1.0,3.0,0.0,1.0,,,,,,,,,2026-09-26T12:04:04.332344+00:00
3828,G. Papagiannis,EFS,Center,236,0.0,7.4,-0.1,0.0,0.0,0.0,0.0,0.0,0.0,0.0,0.0,0.0,0.0,0.0,,,,,,,,,2026-09-26T12:04:04.332344+00:00
4159,K. Carrington,HTA,Guard,237,0.0,7.4,-0.1,0.0,0.0,0.0,0.0,0.0,0.0,0.0,0.0,0.0,0.0,0.0,,,,,,,,,2026-09-26T12:04:04.332344+00:00
4758,P. Dozier,EFS,Guard,238,0.0,7.4,-0.3,3.0,3.0,0.0,0.0,0.0,0.0,0.0,0.0,2.0,4.0,0.0,,,,,,,,,2026-09-26T12:04:04.332344+00:00
3917,K. Baldwin,BAY,Guard,239,0.0,7.0,-0.1,0.0,0.0,0.0,0.0,0.0,0.0,0.0,0.0,0.0,0.0,0.0,,,,,,,,,2026-09-26T12:04:04.332344+00:00
4212,Y. Makoundou,BAR,Center,240,0.0,6.9,-0.1,0.0,0.0,0.0,0.0,0.0,0.0,0.0,0.0,0.0,0.0,0.0,,,,,,,,,2026-09-26T12:04:04.332344+00:00
3952,M. Jaiteh,DUB,Center,241,0.0,6.7,-0.1,0.0,0.0,0.0,0.0,0.0,0.0,0.0,0.0,0.0,0.0,0.0,,,,,,,,,2026-09-26T12:04:04.332344+00:00
3973,J. Parra,BAR,Forward,242,0.0,6.7,-0.3,5.0,2.0,3.0,0.0,0.0,1.0,1.0,1.0,3.0,8.0,0.0,,,,,,,,,2026-09-26T12:04:04.332344+00:00
7328,K. Akobundu-Ehiogu,ZAL,Center,243,0.0,6.6,-0.1,0.0,0.0,0.0,0.0,0.0,0.0,0.0,0.0,0.0,0.0,0.0,,,,,,,,,2026-09-26T12:04:04.332344+00:00
3904,J. Anderson,DUB,Forward,244,0.0,6.4,-0.1,0.0,0.0,0.0,0.0,0.0,0.0,0.0,0.0,0.0,0.0,0.0,,,,,,,,,2026-09-26T12:04:04.332344+00:00
7234,Y. Sima,VBC,Center,245,0.0,6.4,-0.1,0.0,0.0,0.0,0.0,0.0,0.0,0.0,0.0,0.0,0.0,0.0,,,,,,,,,2026-09-26T12:04:04.332344+00:00
11525,A. Karagiannidis,OLY,Center,246,0.0,6.4,-0.1,0.0,0.0,0.0,0.0,0.0,0.0,0.0,0.0,0.0,0.0,0.0,,,,,,,,,2026-09-26T12:04:04.332344+00:00
7219,A. M'baye,PBB,Forward,247,0.0,6.3,-0.1,0.0,0.0,0.0,0.0,0.0,0.0,0.0,0.0,0.0,0.0,0.0,,,,,,,,,2026-09-26T12:04:04.332344+00:00
3835,U. Garuba,RMB,Center,248,0.0,6.0,-0.1,0.0,0.0,0.0,0.0,0.0,0.0,0.0,0.0,0.0,0.0,0.0,,,,,,,,,2026-09-26T12:04:04.332344+00:00
3918,M. Grigonis,ZAL,Forward,249,0.0,6.0,-0.3,2.0,0.0,2.0,0.0,1.0,1.0,0.0,1.0,1.0,4.0,0.0,,,,,,,,,2026-09-26T12:04:04.332344+00:00
7378,A. Ubal,BAR,Guard,250,0.0,6.0,-0.1,0.0,0.0,0.0,0.0,0.0,0.0,0.0,0.0,0.0,0.0,0.0,,,,,,,,,2026-09-26T12:04:04.332344+00:00
4094,K. Kamenjas,DUB,Center,251,0.0,5.8,-0.1,0.0,0.0,0.0,0.0,0.0,0.0,0.0,0.0,0.0,0.0,0.0,,,,,,,,,2026-09-26T12:04:04.332344+00:00
11523,S. Hunter,MTA,Center,252,0.0,5.8,-0.1,0.0,0.0,0.0,0.0,0.0,0.0,0.0,0.0,0.0,0.0,0.0,,,,,,,,,2026-09-26T12:04:04.332344+00:00
4215,M. Heidegger,HTA,Guard,253,0.0,5.7,-0.1,0.0,0.0,0.0,0.0,0.0,0.0,0.0,0.0,0.0,0.0,0.0,,,,,,,,,2026-09-26T12:04:04.332344+00:00
4234,T. Ennis,HTA,Guard,254,0.0,5.6,-0.1,0.0,0.0,0.0,0.0,0.0,0.0,0.0,0.0,0.0,0.0,0.0,,,,,,,,,2026-09-26T12:04:04.332344+00:00
11531,N. Boungou-colo,PBB,Forward,255,0.0,5.6,-0.1,0.0,0.0,0.0,0.0,0.0,0.0,0.0,0.0,0.0,0.0,0.0,,,,,,,,,2026-09-26T12:04:04.332344+00:00
3962,M. Nakic,PAR,Forward,256,0.0,5.4,-0.1,0.0,0.0,0.0,0.0,0.0,0.0,0.0,0.0,0.0,0.0,0.0,,,,,,,,,2026-09-26T12:04:04.332344+00:00
4008,M. Birsen,BJK,Forward,257,0.0,5.4,-0.1,0.0,0.0,0.0,0.0,0.0,0.0,0.0,0.0,0.0,0.0,0.0,,,,,,,,,2026-09-26T12:04:04.332344+00:00
4242,D. Casarin,VIR,Guard,258,0.0,5.4,-0.1,0.0,0.0,0.0,0.0,0.0,0.0,0.0,0.0,0.0,0.0,0.0,,,,,,,,,2026-09-26T12:04:04.332344+00:00
7231,B. Dessert,EFS,Center,259,0.0,5.4,-0.1,0.0,0.0,0.0,0.0,0.0,0.0,0.0,0.0,0.0,0.0,0.0,,,,,,,,,2026-09-26T12:04:04.332344+00:00
3830,D. Sirvydis,ZAL,Guard,260,0.0,4.9,-0.1,0.0,0.0,0.0,0.0,0.0,0.0,0.0,0.0,0.0,0.0,0.0,,,,,,,,,2026-09-26T12:04:04.332344+00:00
3971,V. Marinkovic,PAR,Guard,261,0.0,4.9,-0.1,0.0,0.0,0.0,0.0,0.0,0.0,0.0,0.0,0.0,0.0,0.0,,,,,,,,,2026-09-26T12:04:04.332344+00:00
4546,J. Ayayi,PBB,Guard,262,0.0,4.9,-0.1,0.0,0.0,0.0,0.0,0.0,0.0,0.0,0.0,0.0,0.0,0.0,,,,,,,,,2026-09-26T12:04:04.332344+00:00
4698,O. Bitim,FBT,Forward,263,0.0,4.9,-0.1,0.0,0.0,0.0,0.0,0.0,0.0,0.0,0.0,0.0,0.0,0.0,,,,,,,,,2026-09-26T12:04:04.332344+00:00
7223,C. Frisch,KBA,Forward,264,0.0,4.9,-0.2,0.0,0.0,0.0,0.0,0.0,0.0,0.0,0.0,0.0,0.0,0.0,,,,,,,,,2026-09-26T12:04:04.332344+00:00
11510,F. Bourdillon,HTA,Guard,265,0.0,4.9,-0.1,0.0,0.0,0.0,0.0,0.0,0.0,0.0,0.0,0.0,0.0,0.0,,,,,,,,,2026-09-26T12:04:04.332344+00:00
11495,N. Djurisic,CZV,Guard,266,0.0,4.7,-0.1,0.0,0.0,0.0,0.0,0.0,0.0,0.0,0.0,0.0,0.0,0.0,,,,,,,,,2026-09-26T12:04:04.332344+00:00
3896,J. Nunez,BAR,Guard,267,0.0,4.5,-0.1,0.0,0.0,0.0,0.0,0.0,0.0,0.0,0.0,0.0,0.0,0.0,,,,,,,,,2026-09-26T12:04:04.332344+00:00
4005,E. Jackson,ASV,Forward,268,0.0,4.5,-0.1,0.0,0.0,0.0,0.0,0.0,0.0,0.0,0.0,0.0,0.0,0.0,,,,,,,,,2026-09-26T12:04:04.332344+00:00
3936,N. Rogkavopoulos,PAO,Forward,269,0.0,4.4,-0.1,0.0,0.0,0.0,0.0,0.0,0.0,0.0,0.0,0.0,0.0,0.0,,,,,,,,,2026-09-26T12:04:04.332344+00:00
3977,S. Llull,RMB,Guard,270,0.0,4.4,-0.1,0.0,0.0,0.0,0.0,0.0,0.0,0.0,0.0,0.0,0.0,0.0,,,,,,,,,2026-09-26T12:04:04.332344+00:00
4165,T. Ginat,HTA,Forward,271,0.0,4.4,-0.1,0.0,0.0,0.0,0.0,0.0,0.0,0.0,0.0,0.0,0.0,0.0,,,,,,,,,2026-09-26T12:04:04.332344+00:00
7228,K. Prepelic,DUB,Guard,272,0.0,4.4,-0.1,0.0,0.0,0.0,0.0,0.0,0.0,0.0,0.0,0.0,0.0,0.0,,,,,,,,,2026-09-26T12:04:04.332344+00:00
7241,G. Lavi,MTA,Forward,273,0.0,4.4,-0.1,0.0,0.0,0.0,0.0,0.0,0.0,0.0,0.0,0.0,0.0,0.0,,,,,,,,,2026-09-26T12:04:04.332344+00:00
9063,A. Ebo,MTA,Guard,274,0.0,4.4,-0.1,0.0,0.0,0.0,0.0,0.0,0.0,0.0,0.0,0.0,0.0,0.0,,,,,,,,,2026-09-26T12:04:04.332344+00:00
3983,D. Davidovac,CZV,Forward,275,0.0,4.3,-0.1,0.0,0.0,0.0,0.0,0.0,0.0,0.0,0.0,0.0,0.0,0.0,,,,,,,,,2026-09-26T12:04:04.332344+00:00
3986,N. Giffey,BAY,Forward,276,0.0,4.3,-0.1,0.0,0.0,0.0,0.0,0.0,0.0,0.0,0.0,0.0,0.0,0.0,,,,,,,,,2026-09-26T12:04:04.332344+00:00
3998,D. Giedraitis,ZAL,Guard,277,0.0,4.3,-0.2,0.0,0.0,0.0,0.0,1.0,0.0,0.0,1.0,0.0,0.0,0.0,,,,,,,,,2026-09-26T12:04:04.332344+00:00
4007,E. Yilmaz,EFS,Forward,278,0.0,4.3,-0.1,0.0,0.0,0.0,0.0,0.0,0.0,0.0,0.0,0.0,0.0,0.0,,,,,,,,,2026-09-26T12:04:04.332344+00:00
11524,N. Plotas,OLY,Guard,279,0.0,4.3,-0.1,0.0,0.0,0.0,0.0,0.0,0.0,0.0,0.0,0.0,0.0,0.0,,,,,,,,,2026-09-26T12:04:04.332344+00:00
11548,T. Baldasso,VIR,Guard,280,0.0,4.3,-0.1,0.0,0.0,0.0,0.0,0.0,0.0,0.0,0.0,0.0,0.0,0.0,,,,,,,,,2026-09-26T12:04:04.332344+00:00
3997,S. Tonut,MIL,Guard,281,0.0,4.1,-0.1,0.0,0.0,0.0,0.0,0.0,0.0,0.0,0.0,0.0,0.0,0.0,,,,,,,,,2026-09-26T12:04:04.332344+00:00
8623,K. Kondic,DUB,Guard,282,0.0,4.1,-0.1,0.0,0.0,0.0,0.0,0.0,0.0,0.0,0.0,0.0,0.0,0.0,,,,,,,,,2026-09-26T12:04:04.332344+00:00
11542,L. Mari,VBC,Guard,283,0.0,4.1,-0.1,0.0,0.0,0.0,0.0,0.0,0.0,0.0,0.0,0.0,0.0,0.0,,,,,,,,,2026-09-26T12:04:04.332344+00:00
4000,M. Mahmutoglu,FBT,Guard,284,0.0,4.0,0.0,0.0,0.0,0.0,0.0,0.0,0.0,0.0,0.0,0.0,0.0,0.0,,,,,,,,,2026-09-26T12:04:04.332344+00:00
4009,O. Diop,MIL,Center,285,0.0,4.0,0.0,0.0,0.0,0.0,0.0,0.0,0.0,0.0,0.0,0.0,0.0,0.0,,,,,,,,,2026-09-26T12:04:04.332344+00:00
4016,N. Akele,MIL,Forward,286,0.0,4.0,0.0,0.0,0.0,0.0,0.0,0.0,0.0,0.0,0.0,0.0,0.0,0.0,,,,,,,,,2026-09-26T12:04:04.332344+00:00
4026,B. Yildizli,EFS,Forward,287,0.0,4.0,0.0,0.0,0.0,0.0,0.0,0.0,0.0,0.0,0.0,0.0,0.0,0.0,,,,,,,,,2026-09-26T12:04:04.332344+00:00
4174,G. Palatin,HTA,Guard,288,0.0,4.0,0.0,0.0,0.0,0.0,0.0,0.0,0.0,0.0,0.0,0.0,0.0,0.0,,,,,,,,,2026-09-26T12:04:04.332344+00:00
4175,O. Blayzer,HTA,Forward,289,0.0,4.0,0.0,0.0,0.0,0.0,0.0,0.0,0.0,0.0,0.0,0.0,0.0,0.0,,,,,,,,,2026-09-26T12:04:04.332344+00:00
4551,B. Timor,HTA,Guard,290,0.0,4.0,0.0,0.0,0.0,0.0,0.0,0.0,0.0,0.0,0.0,0.0,0.0,0.0,,,,,,,,,2026-09-26T12:04:04.332344+00:00
7245,D. Mutaf,EFS,Guard,291,0.0,4.0,0.0,0.0,0.0,0.0,0.0,0.0,0.0,0.0,0.0,0.0,0.0,0.0,,,,,,,,,2026-09-26T12:04:04.332344+00:00
7248,N. Dangubic,DUB,Forward,292,0.0,4.0,0.0,0.0,0.0,0.0,0.0,0.0,0.0,0.0,0.0,0.0,0.0,0.0,,,,,,,,,2026-09-26T12:04:04.332344+00:00
7250,I. Kouzeloglou,PAO,Forward,293,0.0,4.0,0.0,0.0,0.0,0.0,0.0,0.0,0.0,0.0,0.0,0.0,0.0,0.0,,,,,,,,,2026-09-26T12:04:04.332344+00:00
7254,I. Segev,HTA,Center,294,0.0,4.0,0.0,0.0,0.0,0.0,0.0,0.0,0.0,0.0,0.0,0.0,0.0,0.0,,,,,,,,,2026-09-26T12:04:04.332344+00:00
7255,O. Netzipoglou,OLY,Guard,295,0.0,4.0,0.0,0.0,0.0,0.0,0.0,0.0,0.0,0.0,0.0,0.0,0.0,0.0,,,,,,,,,2026-09-26T12:04:04.332344+00:00
8677,P. Souza,KBA,Forward,296,0.0,4.0,0.0,0.0,0.0,0.0,0.0,0.0,0.0,0.0,0.0,0.0,0.0,0.0,,,,,,,,,2026-09-26T12:04:04.332344+00:00
8681,A. Nedeljkovic,CZV,Forward,297,0.0,4.0,0.0,0.0,0.0,0.0,0.0,0.0,0.0,0.0,0.0,0.0,0.0,0.0,,,,,,,,,2026-09-26T12:04:04.332344+00:00
8769,U. Danilovic,PAR,Forward,298,0.0,4.0,0.0,0.0,0.0,0.0,0.0,0.0,0.0,0.0,0.0,0.0,0.0,0.0,,,,,,,,,2026-09-26T12:04:04.332344+00:00
8770,R. Fenemen,EFS,Guard,299,0.0,4.0,0.0,0.0,0.0,0.0,0.0,0.0,0.0,0.0,0.0,0.0,0.0,0.0,,,,,,,,,2026-09-26T12:04:04.332344+00:00
9006,C. Vossenberg,BAY,Guard,300,0.0,4.0,0.0,0.0,0.0,0.0,0.0,0.0,0.0,0.0,0.0,0.0,0.0,0.0,,,,,,,,,2026-09-26T12:04:04.332344+00:00
9061,M. Baiocchi,VIR,Guard,301,0.0,4.0,0.0,0.0,0.0,0.0,0.0,0.0,0.0,0.0,0.0,0.0,0.0,0.0,,,,,,,,,2026-09-26T12:04:04.332344+00:00
9062,K. Fischer,BAY,Forward,302,0.0,4.0,0.0,0.0,0.0,0.0,0.0,0.0,0.0,0.0,0.0,0.0,0.0,0.0,,,,,,,,,2026-09-26T12:04:04.332344+00:00
11496,A. Bjelic,CZV,Guard,303,0.0,4.0,0.0,0.0,0.0,0.0,0.0,0.0,0.0,0.0,0.0,0.0,0.0,0.0,,,,,,,,,2026-09-26T12:04:04.332344+00:00
11497,V. Medarevic,CZV,Center,304,0.0,4.0,0.0,0.0,0.0,0.0,0.0,0.0,0.0,0.0,0.0,0.0,0.0,0.0,,,,,,,,,2026-09-26T12:04:04.332344+00:00
11533,U. Mijailovic,PAR,Forward,305,0.0,4.0,0.0,0.0,0.0,0.0,0.0,0.0,0.0,0.0,0.0,0.0,0.0,0.0,,,,,,,,,2026-09-26T12:04:04.332344+00:00
12465,D. Karutasu,EFS,Forward,306,0.0,4.0,0.0,0.0,0.0,0.0,0.0,0.0,0.0,0.0,0.0,0.0,0.0,0.0,,,,,,,,,2026-09-26T12:04:04.332344+00:00
12466,Y. Aksu,BJK,Guard,307,0.0,4.0,0.0,0.0,0.0,0.0,0.0,0.0,0.0,0.0,0.0,0.0,0.0,0.0,,,,,,,,,2026-09-26T12:04:04.332344+00:00
12467,A. Susic,BAY,Guard,308,0.0,4.0,0.0,0.0,0.0,0.0,0.0,0.0,0.0,0.0,0.0,0.0,0.0,0.0,,,,,,,,,2026-09-26T12:04:04.332344+00:00
12468,N. Jerkic,BAY,Guard,309,0.0,4.0,0.0,0.0,0.0,0.0,0.0,0.0,0.0,0.0,0.0,0.0,0.0,0.0,,,,,,,,,2026-09-26T12:04:04.332344+00:00
12469,T. Alves de Souza,KBA,Center,310,0.0,4.0,0.0,0.0,0.0,0.0,0.0,0.0,0.0,0.0,0.0,0.0,0.0,0.0,,,,,,,,,2026-09-26T12:04:04.332344+00:00
12470,G. Bourneles,OLY,Guard,311,0.0,4.0,0.0,0.0,0.0,0.0,0.0,0.0,0.0,0.0,0.0,0.0,0.0,0.0,,,,,,,,,2026-09-26T12:04:04.332344+00:00
12471,I. Varvaritis,PAO,Guard,312,0.0,4.0,0.0,0.0,0.0,0.0,0.0,0.0,0.0,0.0,0.0,0.0,0.0,0.0,,,,,,,,,2026-09-26T12:04:04.332344+00:00
12517,A. Kone,BAR,Center,313,0.0,4.0,0.0,0.0,0.0,0.0,0.0,0.0,0.0,0.0,0.0,0.0,0.0,0.0,,,,,,,,,2026-09-26T12:04:04.332344+00:00
11532,E. Thompson,PAR,Guard,314,-0.9,9.6,-0.5,5.0,1.0,0.0,0.0,1.0,0.0,0.0,0.0,3.0,3.0,0.0,,,,,,,,,2026-09-26T12:04:04.332344+00:00
11498,D. Mintz,DUB,Guard,315,-0.9,6.3,-0.3,3.0,1.0,0.0,0.0,1.0,1.0,1.0,0.0,0.0,4.0,0.0,,,,,,,,,2026-09-26T12:04:04.332344+00:00
7232,B. Massa,ASV,Forward,316,-0.9,6.0,-0.3,0.0,1.0,0.0,0.0,1.0,0.0,0.0,1.0,2.0,0.0,0.0,,,,,,,,,2026-09-26T12:04:04.332344+00:00
3972,J. Hollatz,BAY,Guard,317,-0.9,4.8,-0.3,2.0,0.0,3.0,1.0,0.0,0.0,0.0,0.0,4.0,3.0,0.0,,,,,,,,,2026-09-26T12:04:04.332344+00:00
3950,O. Dobric,CZV,Forward,318,-1.0,4.7,-0.3,0.0,1.0,0.0,0.0,0.0,0.0,0.0,0.0,1.0,1.0,0.0,,,,,,,,,2026-09-26T12:04:04.332344+00:00
3991,A. Abalde,RMB,Forward,319,-1.0,4.3,-0.2,3.0,0.0,1.0,0.0,0.0,0.0,0.0,0.0,1.0,4.0,0.0,,,,,,,,,2026-09-26T12:04:04.332344+00:00
4013,D. Flaccadori,MIL,Guard,320,-1.0,4.0,0.0,0.0,0.0,0.0,0.0,1.0,0.0,0.0,0.0,0.0,0.0,0.0,,,,,,,,,2026-09-26T12:04:04.332344+00:00
7246,S. Miljenovic,CZV,Guard,321,-1.0,4.0,0.0,0.0,0.0,0.0,0.0,0.0,0.0,0.0,0.0,1.0,0.0,0.0,,,,,,,,,2026-09-26T12:04:04.332344+00:00
8644,S. Joksimovic,KBA,Forward,322,-1.0,4.0,0.0,0.0,0.0,3.0,1.0,3.0,0.0,0.0,0.0,0.0,2.0,0.0,,,,,,,,,2026-09-26T12:04:04.332344+00:00
11501,T. Martin,BAR,Forward,323,-1.8,8.3,-0.5,3.0,3.0,2.0,0.0,3.0,0.0,0.0,0.0,2.0,5.0,0.0,,,,,,,,,2026-09-26T12:04:04.332344+00:00
3861,T. Walkup,DUB,Guard,324,-1.8,7.8,-0.4,5.0,0.0,0.0,0.0,2.0,0.0,1.0,0.0,1.0,3.0,0.0,,,,,,,,,2026-09-26T12:04:04.332344+00:00
4129,M. Cale,ASV,Guard,325,-1.8,6.7,-0.4,0.0,1.0,1.0,0.0,1.0,0.0,0.0,0.0,0.0,3.0,0.0,,,,,,,,,2026-09-26T12:04:04.332344+00:00
8993,C. Joseph,OLY,Guard,326,-1.8,6.6,-0.4,2.0,0.0,0.0,0.0,0.0,0.0,0.0,0.0,3.0,1.0,0.0,,,,,,,,,2026-09-26T12:04:04.332344+00:00
3803,G. Deck,RMB,Forward,327,-2.0,8.5,-0.5,0.0,1.0,0.0,0.0,1.0,0.0,0.0,1.0,1.0,2.0,0.0,,,,,,,,,2026-09-26T12:04:04.332344+00:00
4108,D. Stewart,KBA,Guard,328,-2.0,8.3,-0.5,8.0,1.0,0.0,1.0,0.0,0.0,0.0,0.0,2.0,10.0,0.0,,,,,,,,,2026-09-26T12:04:04.332344+00:00
7229,M. Faye,PBB,Center,329,-2.0,6.6,-0.4,0.0,2.0,1.0,0.0,0.0,0.0,0.0,0.0,5.0,0.0,0.0,,,,,,,,,2026-09-26T12:04:04.332344+00:00
11515,T. Waters,ASV,Guard,330,-2.7,9.4,-0.5,2.0,1.0,1.0,1.0,1.0,0.0,0.0,2.0,3.0,6.0,0.0,,,,,,,,,2026-09-26T12:04:04.332344+00:00
11522,K. Wallace,MTA,Guard,331,-3.0,10.2,-0.6,2.0,2.0,0.0,2.0,2.0,0.0,0.0,0.0,4.0,3.0,0.0,,,,,,,,,2026-09-26T12:04:04.332344+00:00
3905,I. Lundberg,MTA,Guard,332,-3.0,7.8,-0.5,5.0,2.0,2.0,0.0,2.0,0.0,1.0,1.0,5.0,5.0,0.0,,,,,,,,,2026-09-26T12:04:04.332344+00:00
12460,D. Jeffries,BJK,Forward,333,-3.0,7.7,-0.5,0.0,0.0,1.0,0.0,1.0,1.0,0.0,0.0,3.0,1.0,0.0,,,,,,,,,2026-09-26T12:04:04.332344+00:00
4156,J. Morgan,PBB,Forward,334,-3.0,5.9,-0.4,0.0,1.0,0.0,1.0,0.0,0.0,0.0,0.0,2.0,3.0,0.0,,,,,,,,,2026-09-26T12:04:04.332344+00:00
3988,J. Dibartolomeo,MTA,Guard,335,-3.0,4.2,-0.3,0.0,0.0,0.0,0.0,1.0,0.0,0.0,0.0,1.0,1.0,0.0,,,,,,,,,2026-09-26T12:04:04.332344+00:00
11543,R. Bello,VIR,Guard,336,-4.0,10.4,-0.6,6.0,1.0,0.0,1.0,3.0,0.0,1.0,2.0,4.0,6.0,0.0,,,,,,,,,2026-09-26T12:04:04.332344+00:00
3940,N. Weiler-Babb,CZV,Guard,337,-4.0,9.4,-0.6,0.0,3.0,3.0,1.0,4.0,0.0,2.0,1.0,2.0,4.0,0.0,,,,,,,,,2026-09-26T12:04:04.332344+00:00
3792,J. Loyd,EFS,Guard,338,-5.0,9.6,-0.6,2.0,0.0,0.0,1.0,1.0,0.0,1.0,2.0,4.0,4.0,0.0,,,,,,,,,2026-09-26T12:04:04.332344+00:00
3872,P. Martinez,RMB,Head Coach,339,-5.0,8.7,-0.3,,,,,,,,,,,,0.0,0.0,0.0,0.0,1.0,0.0,0.0,0.0,2026-09-26T12:04:04.332344+00:00
4172,D. Itoudis,HTA,Head Coach,340,-5.0,8.2,-0.3,,,,,,,,,,,,0.0,0.0,0.0,0.0,1.0,0.0,0.0,0.0,2026-09-26T12:04:04.332344+00:00
3921,P. Laso,EFS,Head Coach,341,-5.0,7.2,-0.3,,,,,,,,,,,,0.0,0.0,0.0,0.0,1.0,0.0,0.0,0.0,2026-09-26T12:04:04.332344+00:00
3938,I. Navarro,CZV,Head Coach,342,-5.0,6.7,-0.3,,,,,,,,,,,,0.0,0.0,0.0,0.0,1.0,0.0,0.0,0.0,2026-09-26T12:04:04.332344+00:00
3961,O. Kattash,MTA,Head Coach,343,-5.0,6.2,-0.3,,,,,,,,,,,,0.0,0.0,0.0,0.0,1.0,0.0,0.0,0.0,2026-09-26T12:04:04.332344+00:00
4086,D. Alimpijevic,BJK,Head Coach,344,-5.0,5.7,-0.3,,,,,,,,,,,,0.0,0.0,0.0,0.0,1.0,0.0,0.0,0.0,2026-09-26T12:04:04.332344+00:00
3964,A. Mumbru,VIR,Head Coach,345,-5.0,4.8,-0.2,,,,,,,,,,,,0.0,0.0,0.0,0.0,1.0,0.0,0.0,0.0,2026-09-26T12:04:04.332344+00:00
7268,R. Cole,MIL,Guard,346,-6.0,7.9,-0.6,0.0,0.0,0.0,0.0,2.0,0.0,0.0,0.0,3.0,1.0,0.0,,,,,,,,,2026-09-26T12:04:04.332344+00:00
3924,G. Poeta,MIL,Head Coach,347,-10.0,6.6,-0.4,,,,,,,,,,,,0.0,0.0,0.0,0.0,0.0,1.0,0.0,0.0,2026-09-26T12:04:04.332344+00:00
3955,P. Galbiati,KBA,Head Coach,348,-10.0,4.6,-0.4,,,,,,,,,,,,0.0,0.0,0.0,0.0,0.0,1.0,0.0,0.0,2026-09-26T12:04:04.332344+00:00
3995,M. Lefevre,PBB,Head Coach,349,-10.0,4.6,-0.4,,,,,,,,,,,,0.0,0.0,0.0,0.0,0.0,1.0,0.0,0.0,2026-09-26T12:04:04.332344+00:00
4164,J. Motley,CZV,Center,350,-13.0,10.0,-1.0,2.0,0.0,2.0,0.0,6.0,0.0,0.0,0.0,5.0,6.0,0.0,,,,,,,,,2026-09-26T12:04:04.332344+00:00
